order_date,customer_id,email,product_id,quantity,price,shipping_status
2024-04-12,7376,user208@hotmail.com,PROD-642,5.0,27.347234419622964,DELIVERED
2024-12-14,Customer 3393,user349company.com,PROD-626,9.0,99.34394789001497,Shipped
2024-09-27,C8240, user958@company.com ,PROD-645,874.0,77.17231773189052,In Transit
2024-04-16,C7190,user951@yahoo.com,PROD-942,1.0,147.40359713505157,Shipped
2024-03-12,CUS-7493,user519@yahoo.com,PROD-115,7.0,159,delivered
2024-07-07,CUST-3878,user212@gmail.com,PROD-904,2.0,78.85196812567642,SHIPPED
2024-01-21,5432,user869@company.com,PROD-735,2.0,67.69928692682362,shipped
2024-04-12,C2276,user365@yahoo.com,PROD-713,7.0,187.16343815775917,In Transit
2024-05-01,Customer 1302,user870@hotmail.com,PROD-328,2.0,84.0473107282346,pending
2024-08-02,C9150,user486yahoo.com,PROD-609,9.0,120.09389473014963,SHIPPED
2024-11-26,C1364,user367@outlook.com,PROD-672,1.0,125.5505217521193,pending
2024-03-28,C5621,user456@company.com,PROD-714,2.0,71.479533670291,in transit
2025-01-07,CUST-6126,user507@gmail.com,PROD-462,4.0,102.15367725700301,delivered
2024-04-09,CUST-2646,user519@outlook.com,PROD-458,1.0,144.54228514875845,Pending
2024-12-25,CUST-6870,user129@hotmail.com,PROD-423,6.0,151.09553654472006,delivered
2024-05-31,Customer 9172,user271@gmail.com,PROD-724,4.0,187.33134483697407,pending
2024-05-10,C8673,user924@hotmail.com,PROD-672,4.0,20.24425467120443,Delivered
2024-05-29,CUST-2906, user767@company.com ,PROD-554,6.0,103.06981143299305,delivered
2024-11-04,CUS-6750,user932@gmail.com,PROD-836,8.0,116.42978652077954,in transit
2024-09-14,9905,user518@outlook.com,PROD-726,4.0,152,Pending
2024-12-09,CUS-2296,user980@company.com,PROD-109,1.0,16.50541887900305,Pending
2025-02-17,C1125,user585@gmail.com,PROD-580,9.0,48.4226644072271,pending
2024-10-20,Customer 5632,user475@outlook.com,PROD-968,4.0,127.0813929497464,pending
2025-01-20,CUS-4596,user529@outlook.cm,PROD-151,3.0,69.11678446909944,In-Transit
2024-07-10,Customer 7168,user926@company.com,PROD-817,4.0,-198.70295278330434,delivered
2024-10-03,Customer 8561,user224@company.com,PROD-500,5.0,99,Shipped
2024-06-09,CUST-1232,user807@yahoo.com,PROD-704,6.0,132.11174875430308,In-Transit
2024-11-09,7371,user530hotmail.com,PROD-920,1.0,98.48633714460622,In-Transit
2024-01-22,C8943,user835@hotmail.com,PROD-608,4.0,45.65833434467199,pending
2024-09-09,CUS-7891,user464@company.com,PROD-602,7.0,148.2651676974594,in transit
2024-08-23,CUST-3472,user515@company.com,PROD-871,3.0,96.01594460716615,In Transit
2024-12-10,3739,user632@hotmail.com,PROD-599,9.0,180.96288355134706,Shipped
2024-02-18,C2761,user379@company.com,PROD-217,7.0,26.472075882755078,pending
2024-02-28,CUST-1876,user534@company.com,PROD-700,7.0,130.26549202747108,Pending
2024-06-18,2460,user860@yahoo.com,PROD-778,9.0,14.012749109721906,pending
2024-07-06,2733,user616@gmail.com,,9.0,-89,delivered
2024-09-27,Customer 7986,user190@company.com,PROD-327,3.0,30.482597469167757,In-Transit
2024-07-08,CUS-9434,user345@company.com,PROD-145,2.0,102.48334462681625,SHIPPED
2024-06-23,6342, user283@hotmail.com ,PROD-883,5.0,60.43485127147362,SHIPPED
2024-02-20,C9659,user681@gmail.com,PROD-512,6.0,125.29336348217642,In-Transit
2024-12-29,Customer 9195,user919@yahoo.com,PROD-443,4.0,101.66606236260154,Delivered
2024-02-24,CUS-3551,user506@outlook.com,PROD-374,6.0,130.31931314295602,delivered
2024-08-31,CUST-6560,user790@company.com,PROD-178,3.0,14.595649214254042,in transit
2024-11-15,C1846,user850@hotmail.com,PROD-301,1.0,151,Pending
2024-05-10,CUST-7316,user939hotmail.com,PROD-657,6.0,198,In-Transit
2024-11-02,Customer 7469,user436@gmail.com,PROD-240,8.0,173,Shipped
2024-05-14,C9915,user422outlook.com,PROD-829,9.0,132.72320987484065,In-Transit
2024-01-21,CUS-5208, user593@company.com ,PROD-476,2.0,93.61426234380203,DELIVERED
2024-11-24,Customer 3048,user579company.com,PROD-251,8.0,$167.19,Pending
2024-06-15,C2828,user934@yahoo.com,PROD-726,8.0,68.40218118408907,In Transit
2024-09-30,CUST-7988,user293@gmail.com,PROD-705,3.0,80.31810448657922,Pending
2025-01-22,CUST-4744,user402@outlook.com,PROD-802,4.0,172.39176508583776,Shipped
2024-03-29,C1009,user426@outlook.com,PROD-255,5.0,100.71272958786126,pending
2024-11-11,7038,user648@company.com,PROD-500,9.0,58.944834368319476,DELIVERED
2024-01-14,C3219,user226@gmail.com,PROD-440,9.0,96.50918556668509,In Transit
2024-08-29,C3060,user364@yahoo.com,PROD-951,7.0,108.56357929602716,shipped
2024-09-21,C2619,user457@outlook.com,PROD-796,962.0,94,Shipped
2024-12-11,CUS-2342,user784yahoo.com,PROD-301,3.0,53.21326926512185,SHIPPED
2024-02-22,3832,user182@outlook.com,PROD-991,1.0,112.99612676817166,Delivered
2025-01-20,CUS-2994,user261@yahoo.com,PROD-315,2.0,94.78446701012673,pending
2024-12-05,CUST-8984,user573@company.com,PROD-986,3.0,179,Pending
2024-04-01,1235,user550outlook.com,PROD-285,9.0,12,shipped
2025-01-01,C2908,user330@company.com,PROD-904,8.0,$108.79,DELIVERED
2024-09-20,CUST-6256,user880@company.com,PROD-489,5.0,97.56494685473533,pending
2024-02-04,C3635,user130@gmail.com,PROD-972,7.0,56.509514653808914,shipped
2024-07-24,CUST-3560,user583@hotmail.com,PROD-224,3.0,171.7010569110354,in transit
2024-03-21,Customer 6951,user977@hotmail.com,PROD-150,8.0,132.4569993800462,delivered
2025-02-23,9007,user359@company.com,PROD-969,8.0,171.71940323450136,Pending
2024-02-19,CUST-7413,user389@yahoo.com,PROD-345,6.0,195.52310646840735,delivered
2024-12-25,Customer 7941,user660gmail.com,PROD-292,5.0,144.0123063330093,SHIPPED
2025-01-22,CUST-5820,user960@yahoo.com,PROD-647,1.0,176.26319089677554,shipped
2024-01-02,3898,user187@yahoo.com,PROD-878,8.0,137.69174741877183,DELIVERED
2025-01-24,CUST-1077,user931@company.com,PROD-650,8.0,82.72091854761653,SHIPPED
2024-02-23,C5227,user236@outlook.com,PROD-391,6.0,194.04137554047819,delivered
2024-04-15,CUS-2065,user918@company.com,PROD-900,900.0,13.205055258339193,shipped
2024-09-16,CUS-7943, user790@company.com ,PROD-524,5.0,73.90800396482115,SHIPPED
2024-11-05,CUST-8804,user927@outlook.com,PROD-763,1.0,152.50165158742598,Shipped
2024-07-09,CUS-6142,user824@company.com,PROD-386,9.0,71.25460513512225,pending
2025-02-05,CUS-3712,user622@gmail.com,PROD-877,4.0,136.58132601496106,In-Transit
2024-08-05,CUS-2248,user951@outlook.com,PROD-329,5.0,50.47150469333175,Delivered
2024-02-13,C2997,user601@hotmail.com,PROD-910,1.0,$145.55,In Transit
2024-06-10,4687,user867@outlook.com,PROD-422,3.0,$191.32,Shipped
2024-07-20,CUST-2970,user309@company.com,PROD-302,5.0,78.45101616139691,SHIPPED
2024-09-26,CUST-2202,user428@outlook.com,PROD-727,6.0,$146.61,DELIVERED
2024-12-16,C6567,user954company.com,PROD-521,3.0,121.00095839225519,in transit
2024-10-30,Customer 6742,user827@hotmail.com,PROD-661,3.0,121.13843225336453,In-Transit
2024-09-27,6408,user248@hotmail.com,PROD-693,6.0,136.76052543096242,In Transit
2024-08-02,Customer 9669,user351@outlook.com,PROD-699,4.0,$191.54,Shipped
2024-09-08,CUST-1419,user749@cmpany.cm,PROD-183,5.0,134.92797809907637,in transit
2024-07-08,2120,user776yahoo.com,PROD-765,5.0,165.96283047341706,in transit
2024-10-22,1950,user967yahoo.com,PROD-705,5.0,57.67743224940446,in transit
2024-07-31,CUS-6373,user486@gmail.com,PROD-494,6.0,79,In-Transit
2024-07-26,Customer 3645,user508hotmail.com,PROD-475,1.0,-18.832889031622933,pending
2024-08-24,C5612,user957@gmail.com,PROD-997,8.0,66.52388465523275,shipped
2024-12-03,CUST-2865,user203@hotmail.cm,PROD-672,6.0,188,Shipped
2025-01-01,CUS-7028,user798@gmail.cm,PROD-187,3.0,160.12161350975785,shipped
2024-02-22,Customer 7359,user600@gmail.com,PROD-495,5.0,90,Pending
2024-10-06,Customer 8863,user737hotmail.com,PROD-181,3.0,164.35667370959183,In-Transit
2025-02-13,4719,user654@company.com,PROD-481,2.0,126,in transit
,,,,,,
2024-09-08,Customer 4756,user144@outlook.com,PROD-814,8.0,64.4843987069625,In-Transit
2024-07-06,C1094,user709@yahoo.com,PROD-962,7.0,96.52952243857985,Pending
2025-01-14,CUST-7898,user317@hotmail.com,PROD-307,5.0,-53.14845188655212,Delivered
2024-02-10,Customer 1793,user707@hotmail.com,PROD-763,3.0,48.22756926472223,DELIVERED
2024-06-05,CUST-3116,user332@gmail.com,PROD-805,266.0,70.28727588404875,Delivered
2024-01-15,Customer 7166,user125@gmail.com,PROD-849,5.0,39,shipped
2024-10-27,C9554,user792@hotmail.com,PROD-686,7.0,157.70466936814813,In-Transit
2024-03-05,Customer 8783,user148@hotmail.com,PROD-910,7.0,75.76326468816451,DELIVERED
2024-12-10,C1984,user258@gmail.com,PROD-948,9.0,194.40401289291714,Delivered
2024-11-22,CUS-8790, user695@hotmail.com ,,3.0,$122.38,shipped
2024-01-09,Customer 4531,user772@yahoo.com,PROD-384,1.0,$56.16,SHIPPED
2024-12-09,Customer 5451,user221@company.com,PROD-237,1.0,172.45684614214687,delivered
2024-05-08,Customer 4876,user545@yahoo.com,PROD-815,8.0,13.647303131289853,pending
2024-05-15,C9795,user102@company.com,PROD-961,3.0,118.12032626893273,DELIVERED
2024-03-03,C7024,user820@outlook.com,PROD-525,2.0,99.39220761015221,In Transit
2024-05-18,CUST-8196,user681@gmail.com,PROD-470,5.0,85.98280367094817,DELIVERED
2024-03-21,CUS-4797,user931@outlook.com,PROD-352,2.0,194.14733637627666,shipped
2025-01-26,CUST-2792,user700@yahoo.com,PROD-229,8.0,85,pending
2024-06-11,4476,user253@hotmail.com,PROD-475,3.0,43.573804810457545,in transit
2025-02-22,C2645,user372@outlook.com,PROD-407,6.0,23.750239443530113,pending
2024-10-15,Customer 4030,user619@company.com,PROD-633,9.0,82.72063790518277,shipped
2025-01-13,CUS-4072,user705@gmail.com,PROD-660,9.0,62.18988774629719,pending
2024-09-17,CUST-6031, user853@company.com ,PROD-439,6.0,65.64209187332852,Shipped
2024-08-18,8112,user173@hotmail.com,PROD-455,1.0,81.50381432390606,in transit
2024-02-10,9393,user270@company.com,PROD-656,6.0,137.35719153574183,shipped
2024-01-28,Customer 7456,user555@outlook.com,PROD-204,3.0,83.83464029326758,Delivered
2024-05-14,8970,user975company.com,PROD-245,2.0,186.89121586856803,delivered
2024-07-19,Customer 1536,user839@gmail.com,PROD-398,2.0,60.36968364400984,shipped
2024-11-23,C8973,user228@gmail.com,,7.0,-19.161658522016477,Delivered
2024-09-24,C9070,user728@outlook.com,PROD-147,9.0,177.29418504440184,In Transit
2025-02-21,C9666,user116@yahoo.com,PROD-106,4.0,37.51203718096638,Shipped
2024-02-02,C7490,user181@hotmail.com,PROD-883,8.0,$97.57,pending
2024-02-17,CUS-7783,user503hotmail.com,PROD-648,5.0,108.83041086379755,SHIPPED
2025-02-10,CUST-5971,user414@outlook.com,PROD-264,3.0,29.609173792855685,pending
2024-03-02,CUST-2205,user377@yahoo.com,PROD-291,8.0,169.6951377827402,Shipped
2024-08-03,CUS-2990,user355@outlook.com,PROD-673,4.0,182.95580579864452,in transit
2024-10-19,Customer 4572,user982@outlook.com,,6.0,149.58452105900255,delivered
2024-04-08,CUS-7320,user253@company.com,PROD-677,5.0,25.635010988377125,Shipped
2024-06-20,5757,user498@yahoo.com,PROD-631,2.0,164,DELIVERED
2024-12-25,C6588,user246@hotmail.com,,4.0,161.36464683308876,SHIPPED
2024-08-01,CUS-1966,user520@gmail.com,,1.0,106.79172019034375,in transit
2024-02-04,CUS-4432,user288@hotmail.com,PROD-603,9.0,$160.04,DELIVERED
2024-08-14,CUS-5243,user934@yahoo.com,PROD-743,7.0,111.03646705405298,in transit
2024-04-10,Customer 6182,user378company.com,PROD-501,516.0,$177.52,DELIVERED
2024-05-10,7704, user353@company.com ,PROD-955,6.0,58.08890384302731,Pending
2024-09-13,CUS-2759,user860@hotmail.com,PROD-644,7.0,158.23927287489082,delivered
2024-01-05,3482,user490@cmpany.cm,PROD-300,5.0,173.63440322340512,Delivered
2024-08-05,CUST-1951,user914@hotmail.com,PROD-736,4.0,198.49402955693247,pending
2024-09-11,CUST-3079,user850@gmail.com,PROD-141,1.0,174.29362016473138,Shipped
2025-02-01,5524,user801@company.com,PROD-799,6.0,18.18427976157745,In Transit
2024-12-24,9477,user481@outlook.com,PROD-540,9.0,67,DELIVERED
2024-10-09,CUST-3065,user121@company.com,PROD-605,6.0,192.3087916495225,Pending
2025-01-27,CUS-6490,user898@yahoo.com,PROD-652,9.0,22.607979870819236,delivered
2024-07-25,C7645, user620@gmail.com ,PROD-667,9.0,135.15936235937346,In Transit
2024-01-15,Customer 6232,user604@gmail.com,,6.0,82.56685924115764,Shipped
2024-12-11,C6797,user968@gmail.com,PROD-716,4.0,133.39699376536552,Pending
2024-02-11,CUST-5926,user588@yahoo.com,PROD-261,6.0,13,In Transit
2025-01-14,Customer 7016,user100@yahoo.com,PROD-159,1.0,46.16282150158465,SHIPPED
2024-06-27,9038,user862@gmail.com,PROD-324,6.0,109.70518256930082,In-Transit
2024-03-03,CUST-5873,user407@company.com,PROD-681,4.0,57.78365509525951,pending
2024-12-17,C7305,user274@company.com,PROD-268,9.0,52.71626744308222,in transit
2024-08-18,Customer 1054,user882@hotmail.com,PROD-541,3.0,172.65776855439458,in transit
2024-08-28,Customer 4462, user950@outlook.com ,PROD-519,2.0,-179.9227845106526,shipped
2024-02-21,1832,user925@gmail.com,PROD-619,8.0,40.58878084252921,SHIPPED
2024-04-05,CUS-6954,user414@company.com,PROD-659,8.0,101.54594294954813,pending
2025-01-22,CUST-9519,user438@company.com,PROD-807,8.0,-104.14558117142668,In-Transit
2024-08-09,CUS-4310,user624@outlook.com,PROD-569,1.0,139.21714015321862,shipped
2025-02-10,7722,user188@hotmail.com,PROD-918,6.0,190.27070930874163,In Transit
2024-08-18,CUST-8776,user121@outlook.com,PROD-525,9.0,$89.29,shipped
2024-08-24,Customer 4054,user474@outlook.com,,7.0,68.19546928840779,DELIVERED
2024-05-22,C8970, user599@hotmail.com ,PROD-621,8.0,186.78074247309698,SHIPPED
2024-06-19,CUST-5547,user664@outlook.com,PROD-868,4.0,50.30427268770593,Pending
2024-01-29,Customer 9356,user616@gmail.com,PROD-164,4.0,11,Pending
2024-02-05,6005,user132@yahoo.com,PROD-287,8.0,85,In-Transit
2024-01-13,C7150,user549@hotmail.com,PROD-237,5.0,102.84894110568462,Shipped
2024-06-08,C9966,user314@outlook.com,PROD-645,7.0,67.81987885161467,pending
2024-11-22,CUS-3198,user891@yahoo.cm,PROD-644,7.0,187.08944943687212,Pending
2024-07-05,5242,user673@company.com,PROD-416,6.0,89.70253246007523,SHIPPED
2024-08-30,2308,user511@gmail.com,PROD-951,664.0,65.24046940215102,delivered
2024-03-26,Customer 5177,user830@gmail.com,PROD-612,6.0,196.88208089623424,in transit
2024-10-10,C7852,user444@outlook.com,PROD-882,4.0,179.99235198540165,delivered
2024-03-06,Customer 4594,user121@yahoo.com,PROD-834,3.0,112.7690484009361,shipped
2024-06-18,C2409,user329@hotmail.com,PROD-720,4.0,145.80403150494274,Delivered
2024-02-14,CUST-5566,user695@outlook.cm,PROD-468,8.0,90,DELIVERED
2024-03-02,Customer 2555,user934@outlook.com,PROD-750,9.0,88.54992018317401,Delivered
2024-05-13,1804,user844@outlook.com,PROD-198,5.0,23.964591005493048,SHIPPED
2024-10-10,CUS-8083,user164@outlook.com,PROD-419,6.0,143.99388856746938,Delivered
2024-01-28,CUST-6619,user761@outlook.com,PROD-594,4.0,12.815105125648744,delivered
2024-04-17,C2387,user709@gmail.com,PROD-619,5.0,29.752366314165265,Shipped
2024-02-13,CUS-3679,user106@gmail.com,PROD-414,307.0,$68.62,SHIPPED
2024-12-05,CUST-9173,user172@company.com,PROD-809,6.0,34.362586767887514,in transit
2024-10-12,CUS-4186,user265@gmail.com,PROD-119,8.0,23.565762315790245,In-Transit
2024-11-26,CUS-3573,user855@outlook.com,PROD-229,8.0,$35.26,SHIPPED
2024-05-07,CUS-3599,user743@company.com,PROD-231,3.0,60.088337133142936,In Transit
2024-12-13,C9428,user959@gmail.com,PROD-989,4.0,$71.99,in transit
2024-08-18,CUS-8368,user592@gmail.com,PROD-364,5.0,135.27128560970365,SHIPPED
2024-07-08,CUST-3541,user674@gmail.com,PROD-559,9.0,180.58784177525158,In Transit
2024-08-12,Customer 7809,user395@outlook.com,PROD-142,1.0,119.90164834886319,in transit
2025-01-19,C9996,user430@yahoo.com,PROD-377,8.0,28.015435408284155,shipped
2025-01-11,CUST-7981,user738@outlook.com,PROD-229,1.0,41.44275101638658,Pending
2024-10-09,C6475,user486@yahoo.com,PROD-643,7.0,115.0277676575559,DELIVERED
2024-04-30,CUS-8184,user875@outlook.com,PROD-815,1.0,161.71277390359657,Pending
2024-04-25,8141,user718@gmail.com,PROD-683,7.0,37.56103974150498,delivered
2024-08-20,C2622,user648gmail.com,PROD-626,8.0,$18.44,In-Transit
2024-09-15,9041,user286@company.com,PROD-619,9.0,-134.7195883307313,Pending
2024-12-24,3074,user841@yahoo.com,PROD-424,8.0,107.93452043562819,pending
2024-07-16,CUS-1645,user434@hotmail.com,PROD-265,8.0,147,SHIPPED
2025-02-14,CUST-5263,user797@gmail.com,PROD-728,8.0,$63.82,pending
2024-05-16,C7136,user974@hotmail.com,PROD-888,7.0,45.33647166054295,shipped
2024-11-13,9646,user853@gmail.com,PROD-277,5.0,57.908009617213445,Delivered
2024-06-13,C3969,user744@gmail.com,PROD-253,7.0,190.16878228176967,delivered
2024-08-12,8643,user720@hotmail.cm,PROD-977,3.0,-156.56169790865792,Pending
2024-11-02,C4629,user239@hotmail.com,PROD-653,399.0,136.8979814641324,Shipped
2024-08-21,C4067,user160@yahoo.com,PROD-544,4.0,103.81882872386544,In-Transit
2024-06-20,CUST-3866,user643@company.com,PROD-945,8.0,78.53207156048975,Delivered
2024-05-31,6490,user906@gmail.com,PROD-722,6.0,180.5117481111307,DELIVERED
2024-11-10,C5124,user208@outlook.com,PROD-244,5.0,81.59263676698068,SHIPPED
2025-01-08,4850,user186@gmail.com,PROD-278,6.0,$137.57,shipped
2024-06-08,CUST-8679,user994@gmail.com,,9.0,142.83964873210164,in transit
2024-04-05,Customer 9378,user657@hotmail.com,PROD-942,4.0,189,Pending
2024-08-20,CUST-2333,user715@company.com,PROD-252,5.0,41.5289475282738,Shipped
2024-06-28,C5150,user761@gmail.com,PROD-227,5.0,71.02576677983153,In-Transit
2024-04-22,8479,user598@yahoo.com,PROD-667,477.0,190.27413072001136,DELIVERED
2024-11-13,CUS-8715,user812@yahoo.com,PROD-630,4.0,147.17401723840553,Pending
2024-02-21,Customer 2762,user857@outlook.com,PROD-525,1.0,30.273702793938497,DELIVERED
2024-09-24,Customer 8101,user462@company.com,PROD-122,1.0,75.16294053511335,Delivered
2024-10-21,CUST-7122,user294@yahoo.com,PROD-828,4.0,47.92324197164438,pending
2025-01-20,C1153,user453@outlook.cm,PROD-243,1.0,161.35477964831716,Delivered
2025-01-21,C2524,user338@company.com,PROD-688,9.0,156.66324252647786,delivered
2024-04-22,CUS-3343,user394@yahoo.com,PROD-898,3.0,$109.30,Pending
2024-04-10,CUS-6760,user550@yahoo.cm,PROD-793,6.0,35.13280566281736,shipped
2024-04-22,CUS-1060,user628@outlook.com,PROD-926,6.0,145.2610677324546,In-Transit
2024-03-21,CUST-2639,user728@outlook.cm,PROD-329,6.0,95.35620597028836,in transit
2024-07-05,C8970,user767@gmail.com,PROD-779,472.0,107.04048579478793,in transit
2024-04-22,CUST-2252,user435@gmail.com,PROD-520,8.0,32.033303553370594,SHIPPED
2024-01-02,Customer 9363,user817@company.com,PROD-429,5.0,47.28456802718446,SHIPPED
2024-05-09,CUST-4549,user998@outlook.com,PROD-966,8.0,99.70758933745331,In-Transit
2024-08-07,C7667,user534@yahoo.com,PROD-942,7.0,151.41400013612304,Pending
2024-02-23,CUST-5090,user284@hotmail.com,PROD-495,9.0,$86.96,Pending
2024-12-08,CUS-4004,user181@yahoo.com,PROD-563,3.0,92.79967008581794,Delivered
2024-08-11,CUS-1329,user320outlook.com,PROD-430,5.0,122.65781286867687,Shipped
2024-08-12,CUS-8982,user422@outlook.com,PROD-384,7.0,148.99550943001955,SHIPPED
2025-01-19,Customer 2341,user673@hotmail.com,PROD-338,6.0,170.11957676164653,Shipped
2025-02-06,CUST-6895,user718@outlook.com,PROD-409,8.0,103.96742287090612,Pending
2024-05-05,2750,user447@hotmail.cm,PROD-203,4.0,136.90488155621512,SHIPPED
2024-05-09,3421,user235@gmail.com,,5.0,66.98504254936117,in transit
,,,,,,
2024-06-20,CUS-6387,user310@hotmail.com,PROD-352,3.0,65.83531850458587,SHIPPED
2024-08-05,CUST-4993,user319@company.com,PROD-831,9.0,21.431869244594893,Pending
2024-06-08,CUS-9044,user888@yahoo.com,PROD-102,4.0,$194.48,Pending
2024-07-16,C9238,user943@yahoo.com,PROD-953,2.0,101.38356816208774,DELIVERED
2025-02-19,C5806,user715@outlook.com,PROD-753,8.0,162,Shipped
2024-09-03,CUS-6913,user833@hotmail.com,PROD-801,6.0,66.36631580001777,In-Transit
2024-11-19,4157,user829@yahoo.com,PROD-776,8.0,20.645232160097464,DELIVERED
2024-07-21,C1390,user417@gmail.com,PROD-375,6.0,10.552916906475396,in transit
2024-07-02,8686,user777@outlook.com,PROD-786,7.0,183.2269235493529,pending
2024-05-02,CUS-9007,user255@company.com,PROD-747,1.0,182.1065201982781,Pending
2025-02-04,C2500,user889@yahoo.com,PROD-783,4.0,$113.90,shipped
2024-09-11,C4294,user890@hotmail.com,PROD-146,9.0,189.69792251201525,in transit
2024-10-20,Customer 4042,user491@gmail.com,PROD-659,9.0,167.88689952181028,Shipped
2024-10-06,C2466,user707@outlook.com,PROD-312,8.0,180.42900375993628,DELIVERED
2024-11-20,C1614,user787@gmail.com,PROD-607,7.0,183.4293830568553,Pending
2025-01-06,CUS-8693,user554@company.com,PROD-304,4.0,83.97350238686151,Pending
2024-04-07,CUST-3667,user281@company.com,PROD-615,9.0,10.49695192176439,DELIVERED
2024-07-16,Customer 8980,user398@company.com,PROD-176,9.0,143.80401127706236,In-Transit
2025-01-29,C1130, user464@outlook.com ,PROD-509,4.0,67.03283630705508,pending
2024-08-27,3983, user352@company.com ,PROD-944,3.0,34.82803814778218,DELIVERED
2024-05-23,C5278,user798@company.com,PROD-925,6.0,23.3350881152014,SHIPPED
2024-04-06,Customer 9230, user403@company.com ,PROD-822,2.0,168.7715915666115,In Transit
2024-07-19,CUS-6468,user561@yahoo.com,PROD-176,9.0,179.23166245144708,In-Transit
2024-05-03,CUS-8564,user867outlook.com,PROD-344,2.0,106.12345697380056,In Transit
2024-07-05,C9684,user614@company.com,PROD-481,9.0,175,Shipped
2024-11-21,C9502,user672@company.com,PROD-669,1.0,55.7178224706045,Delivered
2024-12-14,CUST-4241,user764@hotmail.com,PROD-241,7.0,173.5138586036472,in transit
2024-09-15,C5346,user794@hotmail.com,PROD-183,9.0,$15.89,delivered
2024-05-27,4810,user879@yahoo.com,PROD-644,3.0,136,DELIVERED
2024-09-08,CUST-8206,user113@outlook.com,PROD-257,3.0,$170.06,in transit
2025-02-23,Customer 3032,user793@yahoo.com,PROD-862,8.0,144,delivered
2025-02-06,9436,user442@gmail.com,PROD-755,5.0,$89.41,Shipped
2024-12-11,Customer 1271,user950@gmail.com,PROD-323,1.0,60,Shipped
2024-05-26,Customer 5361,user505@yahoo.com,PROD-855,3.0,193.99194241956928,Delivered
2024-05-27,CUS-9190,user503@yahoo.com,,792.0,189.04654430382814,In-Transit
2024-12-17,Customer 4760,user879@hotmail.com,PROD-115,7.0,156.8113874638183,in transit
2024-07-17,CUST-2165,user193@company.com,PROD-158,8.0,112.46615891976715,in transit
2024-11-03,C7467,user903@yahoo.com,PROD-162,6.0,95.3651799753461,DELIVERED
2025-02-20,C5388,user759@company.com,PROD-660,9.0,30.538643644496496,Shipped
2025-02-27,CUS-9623,user727@outlook.com,PROD-388,4.0,19,delivered
2024-05-07,CUS-9173,user254@company.com,PROD-431,7.0,67.14317060623249,shipped
2024-02-08,CUS-5494,user278@hotmail.com,PROD-354,1.0,193.52881105758198,Delivered
2024-12-03,CUS-9056,user924@company.com,PROD-890,3.0,12.511022763566256,In-Transit
2024-12-25,Customer 2828,user730@hotmail.com,PROD-836,8.0,21.612633481529315,Pending
,,,,,,
2024-09-23,CUST-2868,user862@hotmail.com,PROD-845,9.0,29.98596063475395,SHIPPED
2024-05-30,C8878,user882@company.com,PROD-329,2.0,149.53899331631135,In Transit
2025-02-18,Customer 6690,user683@hotmail.com,PROD-348,2.0,$192.01,Delivered
2024-10-24,Customer 6429,user192@hotmail.com,PROD-686,9.0,$21.34,delivered
2024-04-08,4564,user112@hotmail.com,PROD-801,7.0,18.738580408530726,pending
2024-09-19,C8274,user265@yahoo.com,PROD-187,6.0,$87.87,shipped
2024-09-08,C1824,user289@company.com,PROD-165,6.0,180.56507972864574,delivered
2024-05-23,C1936,user454@hotmail.com,PROD-132,6.0,191.07455197802403,pending
2024-12-11,CUS-7402,user346@yahoo.com,PROD-657,3.0,86.60948003227256,DELIVERED
2024-04-21,2796,user876@company.com,PROD-924,3.0,191,Delivered
2024-02-29,CUS-2913,user498@yahoo.com,PROD-154,8.0,178.8780120759282,Shipped
2025-01-03,CUS-8657, user948@gmail.com ,PROD-619,5.0,106.5759632323952,In-Transit
2024-01-02,CUST-8312,user181@company.com,PROD-275,9.0,190.2953763433312,delivered
2025-01-19,CUST-8906,user310@hotmail.com,PROD-416,2.0,58.62714122024791,in transit
2024-10-30,8287,user538@hotmail.com,PROD-761,7.0,33,shipped
2024-09-10,5675,user976@gmail.com,PROD-409,5.0,127,in transit
2024-05-19,2290,user287@yahoo.com,PROD-821,3.0,158.58710277848587,delivered
2024-02-06,CUS-8490,user171@gmail.com,PROD-437,2.0,92.36357339989831,shipped
2024-06-08,CUST-2218,user219@hotmail.com,PROD-148,4.0,153,Shipped
2024-01-09,CUS-7881,user857@yahoo.com,PROD-420,7.0,$120.09,In Transit
2024-08-20,Customer 1954,user346@gmail.com,PROD-894,2.0,104.70774758792084,In Transit
2024-04-08,C8291,user867@outlook.com,PROD-232,6.0,22.320851274027703,DELIVERED
2024-05-26,CUST-4972,user936@hotmail.com,PROD-156,342.0,49.99243789919016,SHIPPED
2024-10-30,C9228,user861@hotmail.cm,PROD-370,3.0,80.72981347711038,In Transit
2024-07-26,Customer 4020,user738@yahoo.com,PROD-968,7.0,71.81694284262156,SHIPPED
2024-05-10,Customer 5036,user580@gmail.com,PROD-257,3.0,82.6818764974748,shipped
2025-02-07,6233,user830@company.com,PROD-742,4.0,184.5815252256808,In Transit
2024-05-31,1317, user210@outlook.com ,,3.0,76.80064493419125,delivered
2024-02-23,3162,user255@gmail.com,PROD-741,3.0,118.10829349917658,Shipped
2024-04-29,C2591,user610@gmail.com,PROD-862,3.0,107.35231418816987,delivered
2024-06-09,C7183, user337@yahoo.com ,PROD-108,4.0,-197.70531098570035,delivered
2025-02-11,CUST-2312,user760@gmail.com,PROD-918,1.0,32.76974355752595,SHIPPED
2024-04-25,CUST-3383,user813@hotmail.cm,PROD-308,3.0,17.292344632259084,Pending
2024-03-15,Customer 2704,user516@gmail.com,PROD-804,6.0,20.801281294548097,Pending
2024-04-22,1362,user838@outlook.cm,PROD-150,7.0,64.31488391153006,In-Transit
2025-02-23,5286,user580@company.com,PROD-779,8.0,142.33394221428378,In Transit
2025-02-25,CUST-3469,user289@hotmail.com,PROD-818,2.0,11.959107245963647,Shipped
2024-04-13,Customer 7150,user238@outlook.com,PROD-721,173.0,134,Shipped
2024-12-05,1556,user824@company.com,PROD-763,189.0,97.65622625685945,in transit
2024-09-10,C3808,user713@company.com,PROD-739,8.0,13.660496671524685,delivered
2024-08-14,CUST-6150, user326@outlook.com ,PROD-455,3.0,136.97939305218227,Shipped
2024-04-21,C8561,user214@yahoo.com,PROD-464,9.0,76.12337046361662,shipped
2024-04-08,CUST-4741,user372@outlook.com,PROD-751,6.0,$196.78,Delivered
2024-06-01,C3403,user392@outlook.com,PROD-705,6.0,181.11474464599596,delivered
2024-12-14,C9780,user775@yahoo.com,PROD-328,6.0,85.95816727653896,SHIPPED
2025-02-05,1294,user327@hotmail.com,PROD-636,8.0,74.23727226259727,pending
2025-01-18,C6343,user971@outlook.com,PROD-892,2.0,71.52166844583061,delivered
2024-12-31,2136,user708@hotmail.com,PROD-812,5.0,154.2202156768276,Shipped
2024-12-03,CUS-3064,user591@outlook.com,PROD-801,3.0,$174.68,DELIVERED
2024-07-12,C5543,user571@company.com,PROD-454,1.0,$56.47,shipped
2024-11-05,2007,user609@yahoo.com,PROD-788,5.0,37.989236409433126,shipped
2024-06-11,CUST-6352,user310@outlook.com,PROD-308,4.0,52,In Transit
2024-07-26,C2435,user212@outlook.com,PROD-939,5.0,126.40718986893383,Pending
2024-06-17,Customer 3382,user261@yahoo.com,PROD-716,1.0,52.53830232884218,SHIPPED
2024-06-09,6084,user282@gmail.com,PROD-378,3.0,168.50280082053658,In Transit
2024-03-08,Customer 8059,user248@gmail.com,PROD-705,4.0,32.106060387771414,In-Transit
2024-10-15,Customer 2265,user580@hotmail.com,PROD-388,8.0,63.639552834890864,Delivered
2025-02-01,Customer 2040,user401@gmail.com,PROD-356,8.0,99.94263161440176,in transit
2024-10-03,Customer 9073,user724@outlook.com,PROD-444,8.0,21.116914998890884,shipped
2024-10-30,CUS-9213,user629@company.com,PROD-957,2.0,136.2136204478328,SHIPPED
2025-02-07,C7353,user651@yahoo.com,PROD-563,8.0,-173,Pending
2025-01-18,C8437,user302@company.com,PROD-251,3.0,144.29584065325332,pending
2025-01-26,5811,user648@outlook.com,PROD-498,2.0,22.97604745604132,SHIPPED
2024-05-14,Customer 9954, user851@yahoo.com ,PROD-517,9.0,185.49097479415536,in transit
2024-07-13,CUST-6043,user129@outlook.com,PROD-173,3.0,39.93615632194494,pending
2025-02-04,6126,user990@company.com,PROD-596,9.0,171.64249431340744,in transit
2024-05-07,8813,user714@yahoo.com,,2.0,103.75285561028626,In Transit
2024-02-02,CUST-4356,user663@gmail.com,,6.0,123.35186702480965,delivered
2024-06-24,Customer 8266,user210@gmail.com,PROD-472,6.0,$86.77,In-Transit
2025-01-05,1038,user504@gmail.com,PROD-420,4.0,34.180659828505355,In-Transit
2025-01-09,2098,user801@gmail.com,PROD-674,9.0,$17.05,Shipped
2024-01-22,Customer 2823,user948@company.com,PROD-980,7.0,46,In-Transit
2024-08-25,C4155,user544@company.com,PROD-202,632.0,115.99114797399676,SHIPPED
2024-06-06,CUST-6658,user774@hotmail.com,PROD-771,9.0,119.76498282456441,In-Transit
2024-02-07,CUST-3896,user316yahoo.com,PROD-880,6.0,61.79863995495148,Pending
2024-08-17,Customer 1988,user104@yahoo.com,PROD-479,5.0,174.9978900000194,pending
2024-12-30,7446,user245@hotmail.com,PROD-848,9.0,13.51415718763742,In-Transit
2024-02-20,5179,user483@hotmail.com,PROD-286,5.0,123.63680242040125,shipped
2024-09-20,CUST-6626,user518@gmail.com,PROD-877,6.0,126.63021001950354,Shipped
2024-10-09,CUS-1933,user221@hotmail.com,PROD-684,7.0,130.47447406469257,pending
2024-01-27,C2980,user462@yahoo.com,PROD-127,5.0,95.22651803763766,SHIPPED
2024-08-13,CUST-4056,user925@company.com,PROD-450,8.0,168.602506911355,in transit
2024-10-03,CUS-1791,user286@hotmail.com,PROD-930,4.0,102.84417199440436,In Transit
2024-10-12,Customer 6390,user963@company.com,PROD-309,5.0,160.37279264550392,Delivered
2024-04-06,Customer 3255,user882@outlook.com,PROD-842,3.0,26.684602877069118,In Transit
,,,,,,
2025-01-01,Customer 7573, user897@yahoo.com ,PROD-474,3.0,$94.78,Delivered
2024-11-12,CUS-6776,user984@company.com,PROD-375,3.0,122.95419269621486,Pending
2024-10-30,4380,user762company.com,PROD-234,5.0,95.29615707212955,DELIVERED
2024-05-26,CUST-4633,user733@company.com,,6.0,192.9512511793127,Shipped
2024-01-04,Customer 7342,user387@yahoo.com,PROD-595,4.0,$73.12,in transit
2024-02-04,CUST-1959,user840@yahoo.cm,PROD-767,8.0,32.24037398600278,In Transit
2024-07-10,Customer 9884,user934yahoo.com,PROD-730,2.0,115.28680235692565,In-Transit
2024-02-18,Customer 5473,user500@hotmail.com,PROD-398,3.0,84.70383261484673,Shipped
2024-01-17,CUST-8725,user515@outlook.com,PROD-919,6.0,109.24282803107968,In-Transit
2024-06-20,CUS-2875, user878@company.com ,PROD-431,2.0,53.7946233233697,Shipped
2024-08-07,Customer 9712,user415@hotmail.com,PROD-492,8.0,115.7665388893014,Shipped
2024-06-06,CUS-8099,user332@gmail.com,,6.0,186.9579622806814,delivered
2024-02-15,1116,user146@hotmail.com,PROD-890,9.0,171.2187578205888,shipped
2025-01-07,C6463,user336@gmail.com,PROD-416,7.0,166.31845932457193,Pending
2024-01-06,CUST-4788,user705@gmail.com,PROD-534,1.0,197.7086685648572,In-Transit
2024-04-08,CUS-5167,user877@outlook.com,PROD-321,4.0,$89.37,In-Transit
2025-01-14,9465,user602@gmail.com,PROD-377,4.0,113.00883385666984,In-Transit
2024-08-20,C2389, user909@yahoo.com ,PROD-673,3.0,118.97107532121993,delivered
2024-02-06,CUST-6420, user340@outlook.com ,PROD-565,8.0,193.9400515832281,In Transit
2024-10-06,CUS-3043,user957@gmail.cm,PROD-701,8.0,193.36673314016036,SHIPPED
2024-12-14,CUS-1778,user175@hotmail.com,PROD-129,6.0,142.41871447345216,In-Transit
2024-10-28,CUST-7731,user926@outlook.com,PROD-387,6.0,177.12933388346084,In Transit
2024-06-29,CUS-4117,user978@hotmail.com,,5.0,102,shipped
2024-04-04,Customer 3720,user352@gmail.com,PROD-464,8.0,186.90492335808136,In-Transit
2024-04-08,C7047,user819@hotmail.com,PROD-938,2.0,81.83880652556759,Pending
2024-07-06,C9032,user762@yahoo.com,PROD-797,7.0,86.6035998093512,in transit
2024-04-25,C7368,user896@outlook.com,PROD-888,5.0,145.37298173526943,pending
2024-07-09,CUS-2949,user560@yahoo.com,PROD-279,5.0,119,DELIVERED
2024-09-09,CUS-7732,user384@hotmail.com,PROD-988,4.0,32.67612199449959,pending
2025-02-19,Customer 8833, user323@yahoo.com ,PROD-987,4.0,77.03038249096501,In-Transit
2024-06-09,C8014,user144@outlook.com,PROD-609,9.0,74,SHIPPED
2024-09-12,C2709,user320@hotmail.com,PROD-452,4.0,97,pending
2024-11-18,C4041,user842@outlook.com,PROD-182,3.0,33.12561174391743,in transit
2024-05-07,C9619,user540@hotmail.com,PROD-834,9.0,169.9647025543862,Pending
2024-01-18,CUS-2895,user954@outlook.com,PROD-581,5.0,52.31226635200374,delivered
2024-10-07,CUST-9508,user901@company.com,PROD-689,7.0,73,DELIVERED
2024-08-10,CUST-1634,user246@yahoo.com,PROD-481,8.0,18.824247541347823,delivered
2024-02-23,CUS-7917,user288@outlook.com,PROD-343,8.0,45.7379161697877,SHIPPED
2024-02-27,CUS-1552,user237@yahoo.com,PROD-567,3.0,$147.59,DELIVERED
2024-11-18,C9907,user115@company.com,PROD-637,9.0,181.81324103118257,SHIPPED
2024-12-25,C4389,user440@hotmail.com,PROD-736,8.0,68,delivered
2024-06-22,Customer 9442,user820@gmail.com,PROD-172,5.0,77.52737185798634,Pending
2024-10-06,CUST-1207,user280@yahoo.com,PROD-408,3.0,73.66087340701935,DELIVERED
2024-04-23,Customer 1021,user630@yahoo.com,PROD-809,7.0,192.66881721969193,Delivered
2024-10-14,C1894,user294@hotmail.com,PROD-285,2.0,154.18332728853565,In Transit
2024-12-07,CUST-8294,user916@yahoo.com,PROD-112,942.0,58.94467359336701,Pending
2024-05-30,CUS-8867,user892@company.com,PROD-150,1.0,20.39957691573362,DELIVERED
2024-05-06,C5109,user460@yahoo.com,PROD-830,9.0,$188.16,SHIPPED
2024-06-03,CUST-8179,user284@hotmail.com,PROD-379,8.0,169.28841892180046,SHIPPED
2025-01-20,Customer 2560,user259@yahoo.com,PROD-255,9.0,78.81338914834544,shipped
2024-09-29,2266,user957@gmail.com,PROD-181,8.0,85.68745961116612,Pending
2024-04-13,C4638,user138@hotmail.com,PROD-372,2.0,23.29657849003844,SHIPPED
2025-02-20,Customer 5780,user485@gmail.com,PROD-672,8.0,97.08163743634553,Shipped
2025-01-27,3356,user255@hotmail.com,PROD-807,7.0,$120.90,In Transit
2024-10-25,CUST-8979,user945@company.com,PROD-422,9.0,$37.56,delivered
2024-09-02,C8057,user431@hotmail.com,PROD-188,1.0,172.7141784826317,in transit
2024-06-24,CUST-1661,user455@gmail.com,PROD-893,7.0,33.30498434673442,shipped
2024-02-08,9503,user393@outlook.com,PROD-638,2.0,178.44145420146526,SHIPPED
2024-06-18,CUS-9946,user551@cmpany.cm,PROD-793,4.0,138.87841705875138,Shipped
2024-09-03,CUST-7236,user809@hotmail.com,PROD-339,3.0,105.16835143247994,shipped
2024-01-26,CUS-8005,user810@hotmail.com,PROD-602,8.0,20.319573903634918,Shipped
2024-12-20,1158,user872@company.com,PROD-776,6.0,82.32215177869534,shipped
2024-11-01,C1956,user305outlook.com,PROD-619,2.0,50.987249324110984,SHIPPED
2025-02-12,Customer 4453,user386@outlook.cm,PROD-438,8.0,$190.70,Shipped
2025-02-11,Customer 1955,user899@company.com,PROD-458,8.0,177.97797046728715,pending
2024-01-13,C2712,user425@gmail.com,PROD-433,1.0,89.03967197598617,DELIVERED
2024-11-11,CUST-5703,user830@gmail.com,PROD-438,1.0,79.20415024601817,Pending
2025-01-25,CUS-7563,user707@outlook.com,PROD-986,9.0,152.22102593067123,in transit
2024-11-08,C6631,user153@yahoo.com,PROD-310,5.0,153.64360594213468,delivered
2024-02-05,Customer 2394,user994@yahoo.com,PROD-861,9.0,42.901492425511115,in transit
2024-06-21,C5732,user951@company.com,PROD-581,1.0,18.527735966017985,delivered
2024-01-20,Customer 4714,user808@outlook.com,PROD-659,753.0,194.3256676181918,Delivered
2024-11-16,1529,user778@hotmail.com,PROD-105,7.0,115.81166467353972,In Transit
2024-09-20,3958,user270@company.com,PROD-967,4.0,122.92778292372387,Delivered
2025-02-03,CUS-4591,user210@company.com,PROD-424,6.0,13.009744696600684,In-Transit
2024-05-21,Customer 7895,user299@yahoo.com,PROD-343,2.0,61.048219198310264,SHIPPED
2025-01-05,C1525,user176@hotmail.com,,8.0,155.9240573040178,DELIVERED
2024-05-22,C1374,user534@hotmail.cm,PROD-690,8.0,-21.376063163786434,Pending
2024-04-01,5648,user141@outlook.com,PROD-479,2.0,166.19644972901958,DELIVERED
2024-12-19,Customer 2646,user983@gmail.com,PROD-441,4.0,104.35868197976822,in transit
2024-11-17,CUS-4155,user542@hotmail.com,PROD-320,3.0,162.9871365230533,delivered
2024-10-14,C4814,user416@hotmail.com,PROD-871,7.0,186.52588440713598,Delivered
2024-08-02,CUS-9219,user662@company.com,PROD-603,7.0,$68.99,DELIVERED
2024-12-07,C5356,user368@gmail.com,PROD-307,5.0,$40.82,Delivered
2024-02-20,CUS-6543,user359@outlook.com,PROD-714,4.0,$178.49,In Transit
2024-06-01,Customer 8062,user447@gmail.com,PROD-428,7.0,91.56080814229354,In Transit
2024-07-04,CUST-4081,user466@gmail.com,PROD-767,362.0,$174.84,pending
2024-03-03,CUST-1629,user263@outlook.com,PROD-998,4.0,$189.40,delivered
2024-07-08,C6724,user513@hotmail.com,PROD-881,6.0,165.13936653826312,In-Transit
2024-05-04,C4432,user457@yahoo.com,PROD-101,2.0,135.80287234147883,DELIVERED
2024-05-29,CUS-7276,user605@gmail.com,PROD-931,6.0,107.71097715427315,Pending
2024-11-09,Customer 6895,user268@yahoo.com,,9.0,13,Delivered
2024-02-27,CUST-8115,user841@outlook.com,PROD-891,5.0,40.40826615491447,Delivered
2024-12-07,CUS-1575,user615@gmail.com,PROD-833,1.0,195,In Transit
2024-10-31,Customer 4192,user170@yahoo.com,PROD-306,7.0,149.08869026631143,SHIPPED
2024-06-28,CUST-7052,user391@yahoo.com,PROD-987,6.0,90.36687402561513,delivered
2024-06-18,4568,user476@yahoo.com,PROD-860,1.0,121,Delivered
2024-11-21,Customer 3203,user862@outlook.com,PROD-405,1.0,137.8905392282502,In Transit
2024-09-27,Customer 2274,user138@gmail.com,PROD-494,4.0,62.775703994022315,In Transit
2024-02-23,2939,user207@hotmail.com,PROD-673,4.0,110.19643456231108,Shipped
2024-04-10,C1968,user554@company.com,PROD-667,7.0,193.71076454343105,pending
2024-09-20,1281,user848hotmail.com,PROD-339,9.0,116.09983040706564,Delivered
2024-02-22,7262,user697@outlook.com,PROD-364,3.0,$156.92,Shipped
2024-02-29,CUST-5293,user860@yahoo.com,PROD-169,2.0,91.72531468791746,Pending
2024-04-17,6178, user254@gmail.com ,PROD-297,3.0,163.12106399172174,Pending
2024-01-05,2229,user640@gmail.com,,3.0,176.71104722267822,In Transit
2024-04-12,Customer 5585,user586@company.com,PROD-904,4.0,199.81724588148904,pending
2024-07-14,Customer 3740,user821@hotmail.com,PROD-981,5.0,130,SHIPPED
2024-09-18,C2239,user706@yahoo.com,PROD-739,1.0,127.01708134646705,pending
2024-12-30,CUST-1125,user197@company.com,PROD-424,4.0,$78.65,SHIPPED
2025-01-06,C8473, user525@gmail.com ,PROD-387,5.0,194.26935495753503,Shipped
2024-12-15,6342, user862@hotmail.com ,PROD-659,1.0,111.04928195522895,In Transit
2024-02-16,CUST-4249,user532gmail.com,PROD-948,2.0,87.38300207104255,Shipped
2024-12-20,Customer 7294,user761@company.com,PROD-159,1.0,129.01537996334116,delivered
2024-11-06,2969,user429@outlook.com,PROD-676,9.0,121.06558831548007,Shipped
2025-02-27,C1891,user978@outlook.com,PROD-137,7.0,148.0449052317559,In-Transit
2024-11-03,C9320,user617@hotmail.com,PROD-560,8.0,$100.08,Delivered
2024-05-23,8519,user619@yahoo.com,PROD-516,9.0,55.79241276314146,Pending
2024-09-25,2198,user656@company.com,PROD-908,1.0,36,shipped
2025-01-04,C6238,user426@yahoo.com,PROD-532,6.0,99.53783633373656,In Transit
2024-05-03,C7089,user100@yahoo.com,PROD-532,1.0,192.15337708083172,pending
2024-04-15,C8705,user405@hotmail.com,PROD-676,3.0,$76.50,SHIPPED
2024-06-06,CUS-1986,user945@gmail.com,PROD-827,3.0,161.17281620758257,DELIVERED
2024-05-26,CUS-5909,user526@gmail.com,PROD-700,7.0,116.52523043875046,Delivered
2024-05-24,Customer 4072,user757outlook.com,PROD-356,3.0,110.07164420293856,shipped
2024-04-29,CUST-4124,user540@hotmail.com,PROD-845,9.0,199.144134304768,pending
2024-11-14,9125, user331@hotmail.com ,PROD-758,8.0,88.79522821877785,In-Transit
2024-10-01,Customer 5033,user348yahoo.com,PROD-512,7.0,126,DELIVERED
2024-04-01,C1703,user617@company.com,PROD-940,7.0,117.73519440897088,SHIPPED
2024-02-27,CUS-8848,user466@yahoo.com,PROD-465,6.0,70.43104105758022,pending
2024-12-11,CUS-7924,user930@hotmail.com,PROD-884,4.0,95.5737891309273,In-Transit
2024-08-16,CUS-4828,user814@outlook.com,PROD-543,2.0,108.41044391535104,SHIPPED
2024-04-26,4230,user473@company.com,PROD-742,1.0,93.591200533877,SHIPPED
2024-11-13,CUS-8114,user986@outlook.com,PROD-661,1.0,143.8233549183015,In Transit
2024-10-05,Customer 4173,user798@gmail.com,PROD-277,8.0,45.68909055177768,DELIVERED
2024-05-06,Customer 5114,user276@company.com,PROD-269,2.0,42.933963359852655,pending
2025-01-27,C8761,user691@company.com,PROD-947,9.0,$39.70,delivered
2025-01-30,2000,user639@outlook.com,PROD-247,5.0,32.32511970883322,Shipped
2024-05-08,CUST-2388,user313@company.com,PROD-736,4.0,26,pending
2024-02-27,CUST-4712,user745@outlook.com,PROD-179,8.0,39.97712644696173,Shipped
2024-05-01,CUS-3772,user257@company.com,PROD-164,7.0,160.67368633145693,Delivered
2024-01-01,CUS-5806,user412@outlook.com,PROD-812,6.0,94.31442078621535,SHIPPED
2024-08-26,3875,user779@outlook.com,PROD-481,7.0,80.83536282936349,pending
2024-10-16,6592,user745@outlook.com,PROD-672,5.0,15.371627933935258,Delivered
2024-04-05,CUS-9927,user189@company.com,PROD-918,6.0,38.74858076446927,DELIVERED
2024-05-05,CUS-7059,user728@hotmail.com,PROD-173,7.0,91.51857886226202,SHIPPED
2024-04-27,C8010,user597@gmail.com,PROD-642,5.0,13.61886316992583,SHIPPED
2024-02-17,C3989,user174@yahoo.com,PROD-913,8.0,$144.45,shipped
2024-03-29,CUS-7228,user763@outlook.com,PROD-259,2.0,193,Pending
2024-08-24,C7471,user848@outlook.cm,PROD-336,9.0,112.77477612374871,Shipped
2025-01-07,C2177,user607@outlook.com,PROD-928,1.0,26.134269112127363,DELIVERED
2025-01-19,CUS-1011,user822@gmail.com,PROD-557,5.0,109.90143089012453,In-Transit
2024-09-28,5399,user580@yahoo.com,PROD-871,3.0,166.00699738446994,In-Transit
2024-07-07,9234,user444@company.com,PROD-858,7.0,49.00457707442074,delivered
2024-07-10,C7570,user972@outlook.com,PROD-814,7.0,72.49919719071407,pending
2024-03-09,9212,user855@yahoo.com,PROD-391,1.0,66,in transit
2024-10-04,CUST-5431,user114@hotmail.com,PROD-730,7.0,81.57036161288137,DELIVERED
2024-12-14,6243,user487gmail.com,PROD-592,2.0,15,pending
2024-09-03,CUS-9906,user710@gmail.com,PROD-838,5.0,65.56006631247593,in transit
2024-03-16,CUST-1140, user757@yahoo.com ,PROD-505,6.0,47.38012538244189,shipped
2024-06-02,CUST-7012,user720@yahoo.com,PROD-979,3.0,14.575227951585182,In-Transit
2024-05-23,Customer 8151, user290@gmail.com ,PROD-648,2.0,138.9585219050009,DELIVERED
2024-03-26,4610,user584company.com,PROD-646,8.0,109.39478282846103,SHIPPED
2024-07-03,7894,user263@company.com,PROD-435,5.0,86,Pending
2024-10-11,Customer 8311,user407@yahoo.com,PROD-988,9.0,119.22301175935017,In Transit
2024-08-07,C6539,user931@company.com,PROD-221,7.0,46.013143133571624,Pending
2024-03-09,C7787,user834@gmail.com,PROD-765,2.0,116,pending
2024-02-16,C5445,user592@yahoo.com,PROD-669,3.0,89.3943601179732,delivered
2024-04-03,CUST-2286,user474@outlook.com,PROD-767,7.0,147.54701039714877,In-Transit
2024-08-25,Customer 8052,user291@company.com,PROD-967,2.0,16.141321682137537,Delivered
2024-07-22,CUS-9105,user466@gmail.com,PROD-421,1.0,$48.28,Delivered
2025-02-03,7441,user282@gmail.cm,PROD-265,9.0,23.22784424048168,In Transit
2024-08-05,Customer 6203,user404@gmail.com,PROD-748,7.0,130.48611461502628,In-Transit
2024-12-06,Customer 2798,user821@hotmail.com,PROD-288,7.0,173.8276148450158,DELIVERED
2024-02-08,CUS-6291,user272@company.com,PROD-478,1.0,19,SHIPPED
2024-04-09,7284,user617@yahoo.com,PROD-463,8.0,31.435189352896202,delivered
2024-10-15,7869,user948@outlook.com,PROD-737,3.0,171.42830840621372,Delivered
2024-09-10,Customer 4097,user998@outlook.com,PROD-924,7.0,156.91248230669487,In Transit
2024-08-09,CUS-1009,user120@outlook.com,PROD-571,2.0,54.92000629959824,Pending
2024-12-22,C6752,user158@gmail.com,PROD-752,1.0,169.0822124266584,SHIPPED
2024-01-23,7295,user807@outlook.com,PROD-665,1.0,39.30021150237851,Delivered
2024-09-06,CUS-4225,user382@gmail.com,PROD-949,8.0,120.05088761928786,Pending
2024-01-10,CUST-2316,user652@outlook.com,PROD-869,1.0,130.00245298818442,DELIVERED
2024-09-02,Customer 7807,user583@company.com,PROD-302,5.0,$168.78,Pending
2024-11-20,CUST-4683,user488@outlook.com,PROD-561,4.0,162.85119319119354,SHIPPED
2024-04-09,Customer 4273,user546@company.com,PROD-516,1.0,95.9047102187219,Pending
2024-10-16,CUS-1145,user727@yahoo.cm,PROD-490,7.0,39.67638170786418,DELIVERED
2024-06-28,CUST-4040,user681@outlook.com,PROD-787,2.0,141,delivered
2024-08-10,C1482,user486@company.com,PROD-146,5.0,162.60922361900086,SHIPPED
2025-01-28,Customer 2249,user355@hotmail.com,PROD-718,5.0,158.6944521005601,delivered
2024-09-06,CUS-1630,user335@gmail.com,PROD-948,3.0,189.8254600666099,In Transit
2024-05-26,9853,user803@company.com,PROD-233,9.0,-81.60005320819062,In-Transit
2024-04-05,1987,user485@gmail.com,PROD-940,2.0,29.815856531856518,Pending
2024-09-13,CUST-9841,user439@company.com,PROD-706,1.0,169.118669919307,shipped
2024-11-20,CUS-2100,user405@yahoo.com,PROD-665,2.0,107.53486174961796,delivered
2024-01-04,9632,user602@yahoo.com,PROD-334,1.0,108.51483365310577,DELIVERED
2024-01-16,CUS-1769,user692@gmail.com,PROD-263,5.0,185,Delivered
2024-10-06,CUST-5358,user716@company.com,PROD-315,5.0,182,delivered
2024-12-01,7780,user364@outlook.com,PROD-756,6.0,193.41602222507123,Delivered
2024-09-03,CUS-7602,user538@company.com,PROD-410,3.0,101.10080501704488,pending
2024-09-14,Customer 3349,user994@gmail.com,PROD-356,1.0,43.358708452479256,Pending
2025-01-18,CUST-6699,user382@outlook.com,PROD-632,1.0,173.73488346772243,In Transit
2024-06-08,C2125,user538@hotmail.com,PROD-270,8.0,146.46183811074718,Shipped
2024-12-05,C7764,user981@yahoo.com,PROD-724,5.0,173,SHIPPED
2024-05-31,Customer 8843,user793@company.com,PROD-877,5.0,138.7858928890464,Delivered
2025-01-30,CUST-1072, user178@yahoo.com ,PROD-936,1.0,98.6659112567414,pending
2024-06-26,CUS-6189,user861@yahoo.com,PROD-127,3.0,98.4575520192128,pending
2024-06-11,CUS-1707,user717@yahoo.com,PROD-150,3.0,77.54326618878166,Delivered
2025-01-14,7704,user462@cmpany.cm,PROD-690,3.0,22.82504776573153,pending
2024-02-02,Customer 4713,user943@yahoo.com,PROD-685,9.0,$110.61,SHIPPED
2025-02-20,Customer 3475,user510@gmail.com,PROD-283,1.0,187.82489055979886,Shipped
2024-06-27,CUST-5255,user182@gmail.com,PROD-228,9.0,$177.17,Pending
2024-04-10,8397,user633@outlook.com,PROD-600,3.0,-127.16758141301396,DELIVERED
2024-09-24,C9258,user709@gmail.com,PROD-670,9.0,$50.39,In-Transit
2024-11-18,Customer 3428,user372@gmail.com,,9.0,141.78992484452897,Delivered
2024-03-05,C8426, user986@outlook.com ,PROD-904,4.0,66.88867546004114,Shipped
2025-02-20,C6291,user213company.com,PROD-700,791.0,92,Shipped
2024-06-16,C4874,user952@company.com,PROD-288,9.0,42.02469566268305,In Transit
2024-11-25,C5211,user888@company.com,PROD-957,8.0,41,Delivered
2024-02-12,Customer 4374,user637@hotmail.com,PROD-881,4.0,24.81605542423251,pending
2024-02-13,CUS-1207,user988@outlook.com,PROD-516,1.0,189.5333897073662,pending
2024-10-11,C3493,user946@yahoo.com,PROD-486,7.0,132.6749655016711,delivered
2025-01-31,CUS-4083,user426@outlook.com,PROD-332,8.0,158.2218292227733,Pending
2024-01-12,CUS-4719,user751@gmail.com,PROD-376,3.0,86.78702712568744,DELIVERED
2024-04-04,Customer 2679,user297@outlook.cm,PROD-834,2.0,196.5466863069951,Shipped
2024-10-28,8446,user509@company.com,PROD-140,6.0,191.31927695478586,In Transit
2025-01-20,Customer 7770,user647@company.com,PROD-393,6.0,64.90120359954805,In Transit
2024-09-09,7099,user229@yahoo.com,PROD-640,9.0,72,SHIPPED
2024-08-29,Customer 3368,user433@company.com,PROD-927,3.0,165.8191951502731,Delivered
2024-02-04,CUS-1285,user645@gmail.com,PROD-855,6.0,-97.76990639919954,Shipped
2024-08-02,5037,user131@yahoo.com,PROD-246,3.0,182.31511568301096,DELIVERED
2024-12-02,C5895,user279@yahoo.com,PROD-889,6.0,$11.55,delivered
2024-03-30,CUS-2012,user225@hotmail.com,PROD-990,3.0,61.78291441219723,shipped
2024-09-20,Customer 3785,user781@outlook.com,PROD-243,8.0,19,shipped
2024-04-02,4725,user626@outlook.com,PROD-596,3.0,43.85454042117123,delivered
2025-02-13,Customer 5576,user541@yahoo.com,PROD-406,6.0,141.6184862213853,pending
2024-03-30,C3408,user700hotmail.com,PROD-516,9.0,170,Shipped
2025-02-21,3817,user546@yahoo.com,PROD-424,3.0,$133.55,Delivered
2024-04-24,CUST-3496,user526@company.com,PROD-179,7.0,19.828854349182812,DELIVERED
2024-04-14,CUST-6299,user219@gmail.cm,,8.0,113.93163081173898,SHIPPED
2025-01-25,C4267,user988@hotmail.com,PROD-964,6.0,101.80725186847866,Delivered
2024-07-14,C5406,user216@yahoo.com,PROD-749,5.0,92,In-Transit
2024-11-09,CUST-9597,user760@yahoo.com,PROD-652,2.0,104.49241743776251,Delivered
2024-04-23,CUST-5437,user373@yahoo.com,PROD-486,3.0,155.3404415584274,Delivered
2024-03-15,Customer 9435, user172@gmail.com ,PROD-663,5.0,117.89794010543875,Pending
2025-02-16,C5107,user503@outlook.com,PROD-511,5.0,174,Shipped
2025-01-10,CUS-9785,user346@outlook.com,PROD-720,9.0,152.1202731267421,SHIPPED
2025-02-23,2826,user785@hotmail.com,PROD-836,7.0,-95.8191911264479,Pending
2024-08-04,C8629,user909@outlook.com,PROD-347,3.0,139.5458592643857,Shipped
2024-10-03,CUST-8693,user930@outlook.com,PROD-166,6.0,150.19291019634792,in transit
2024-09-05,CUS-8842,user407@hotmail.com,PROD-426,9.0,-150.03666119582695,SHIPPED
2024-06-12,C8002,user507@cmpany.cm,PROD-569,4.0,111.23599904068632,Shipped
2025-01-28,C3978,user217@yahoo.com,PROD-762,3.0,46.049487712569515,shipped
2024-12-22,C8373,user247@gmail.com,PROD-707,8.0,32.865993669444705,Pending
2025-02-11,Customer 7097,user260yahoo.com,PROD-874,3.0,84,in transit
2024-07-10,C6656,user823@outlook.com,PROD-212,5.0,172.0888438941114,pending
2024-08-14,C9984,user497@hotmail.com,PROD-555,2.0,143.17423436984288,SHIPPED
2024-06-25,5259,user880@yahoo.com,PROD-231,5.0,118.39640983077061,In-Transit
2024-04-08,CUS-5917,user677@yahoo.com,PROD-220,7.0,173,DELIVERED
2024-02-05,3530,user353@hotmail.com,PROD-581,8.0,-90.61911984945591,In-Transit
2024-04-05,CUS-8045,user282@hotmail.com,PROD-996,4.0,81.35188606188554,shipped
2024-05-31,CUS-6772,user438@yahoo.com,PROD-665,1.0,34.572376902832836,shipped
2024-05-30,3529,user455@yahoo.com,PROD-260,6.0,39,delivered
2024-07-08,8137,user150@outlook.com,PROD-887,4.0,89.74192523445912,pending
2024-08-11,Customer 1536,user915@outlook.com,PROD-784,9.0,117.82179942670084,delivered
2024-02-06,Customer 8340,user680@company.com,,9.0,26.300032747910635,In-Transit
2024-09-24,Customer 8179,user628yahoo.com,PROD-186,4.0,186.04397734659798,Pending
2025-01-03,Customer 9734,user248@gmail.com,PROD-898,4.0,92.0859054418929,Delivered
2024-07-01,Customer 6777,user646@yahoo.com,PROD-111,2.0,153.76143692244642,Shipped
2024-01-13,6947,user268@yahoo.com,PROD-940,6.0,173.2327486982874,DELIVERED
2024-10-05,5349,user982@gmail.com,PROD-214,6.0,91.84530424955389,in transit
2024-08-04,C6179,user205@company.com,PROD-205,4.0,$83.71,DELIVERED
2024-12-20,CUST-7430,user741@hotmail.com,PROD-571,1.0,96.97869988603303,shipped
2024-12-26,CUST-7488,user406@outlook.com,PROD-992,8.0,169.5916147955598,delivered
2024-10-12,C7525,user619@yahoo.com,PROD-580,2.0,142.93420759248457,Delivered
2024-09-29,CUST-1689,user311@hotmail.com,PROD-556,1.0,66.82475616993644,pending
2025-01-03,6175,user537@yahoo.com,PROD-810,4.0,146.40611146387312,In Transit
2024-03-02,CUS-6078,user778@hotmail.com,PROD-120,6.0,144.01768605496193,SHIPPED
2024-03-24,CUST-6448,user521@company.com,PROD-914,1.0,57.587559901139365,In Transit
2025-01-02,Customer 7406,user477@gmail.com,PROD-516,4.0,61.37248279661571,In Transit
2024-08-04,Customer 9800,user219@company.com,PROD-611,8.0,158.75197553378322,Pending
2024-12-07,Customer 2638,user900@outlook.com,PROD-483,8.0,179.20281442316275,Pending
2025-01-31,CUS-2382,user915@yahoo.com,PROD-909,4.0,61.778895823599484,delivered
2024-07-05,Customer 4292,user643@yahoo.cm,PROD-892,6.0,71.59894153310898,In Transit
2024-01-19,Customer 1419,user279@company.com,PROD-357,5.0,73.27392625005889,in transit
2024-06-25,Customer 5517,user357@yahoo.com,PROD-119,6.0,46,shipped
2024-04-09,C8870,user534@yahoo.com,PROD-589,6.0,178.94305279605013,In Transit
2025-01-30,2549,user683@company.com,PROD-628,2.0,66.2812688313492,Delivered
2024-08-20,7140,user276@outlook.com,PROD-585,8.0,-99.29383981881237,SHIPPED
2025-02-06,5481,user624@gmail.com,PROD-183,1.0,109.8081660099847,Shipped
2024-03-16,CUST-7548,user374@yahoo.com,PROD-406,9.0,130.63803570332556,delivered
2024-09-21,7793,user891@yahoo.com,PROD-539,5.0,153.6161955494751,delivered
2024-10-10,C7007,user104@yahoo.com,PROD-363,6.0,159.00429663068908,In-Transit
2024-07-24,7356,user189@outlook.com,PROD-520,4.0,181.1071790993704,Delivered
2024-08-10,C9433,user207@hotmail.com,PROD-510,9.0,103.970828678962,Pending
2025-01-18,8380,user738@company.com,PROD-953,3.0,80,pending
2024-02-21,3385,user250@hotmail.com,PROD-571,4.0,40.45548234198148,shipped
2024-12-04,5268,user558@yahoo.com,,9.0,182.3003144104273,in transit
2025-01-01,Customer 9656,user754@yahoo.com,PROD-682,3.0,111.40628906208458,Delivered
2024-05-23,CUST-5592,user454@hotmail.com,PROD-480,8.0,84.25641131680742,DELIVERED
2025-01-07,Customer 5798,user125company.com,PROD-443,1.0,62.27306511149081,Shipped
2024-03-09,3355,user320@company.com,PROD-668,5.0,133.39996446238013,SHIPPED
2024-04-08,8961,user560@outlook.com,PROD-441,6.0,34.03570516890527,In-Transit
2025-01-30,Customer 9737, user435@company.com ,PROD-727,1.0,187.79218545037799,Delivered
2024-01-25,Customer 5719, user701@company.com ,PROD-881,7.0,29.084004255553268,In-Transit
2025-01-13,Customer 1593,user620@hotmail.com,PROD-691,6.0,109.17444935622625,Shipped
2024-02-22,CUST-4493,user198@company.com,,8.0,146.9839974675228,In Transit
2024-05-30,C7164,user464@yahoo.com,PROD-574,3.0,$89.72,In-Transit
,,,,,,
2024-02-26,CUS-1016,user476@company.com,PROD-535,7.0,64.50167429329942,Pending
2024-02-08,CUS-9616,user103yahoo.com,PROD-886,8.0,28.16323391564127,In Transit
2024-04-18,CUS-1571,user903@gmail.com,PROD-364,8.0,64.01074052587538,Delivered
2024-06-29,8177,user620@company.com,PROD-894,3.0,$61.83,pending
2024-02-11,C4897,user732@yahoo.com,PROD-912,2.0,$55.77,SHIPPED
2024-07-04,Customer 3279,user528@yahoo.com,PROD-736,1.0,56,delivered
2025-02-26,8451,user168@yahoo.com,PROD-612,9.0,19.049797407455024,Shipped
2025-02-01,CUST-1775,user467@outlook.com,PROD-908,1.0,170.5286079835672,In Transit
2024-08-10,CUST-7869,user189@gmail.com,PROD-542,7.0,86.24612080531844,delivered
2024-05-01,CUS-1078,user158@gmail.com,PROD-788,8.0,111.71238152259163,Pending
2024-05-12,CUS-8099,user843@outlook.com,PROD-438,2.0,40.258421627867826,In Transit
2024-06-11,8083,user573@gmail.com,PROD-235,5.0,116.11895012457055,shipped
2024-08-02,CUS-7230,user577@hotmail.com,,7.0,147.0189737427693,shipped
2024-08-08,5940,user213@gmail.com,PROD-424,8.0,52.31914319989244,In Transit
2024-08-22,CUS-4456,user568@hotmail.com,PROD-437,9.0,57.95502872587332,In Transit
2024-11-26,9599,user183@hotmail.com,PROD-194,6.0,152.7971147927926,shipped
2024-05-25,CUST-3711,user136@company.com,PROD-245,8.0,197.57965662002562,Delivered
2024-08-26,CUS-2668,user519@hotmail.com,PROD-330,3.0,57.614636207898215,In-Transit
2024-03-16,Customer 7420,user860@hotmail.com,PROD-947,3.0,149,pending
2024-01-09,C1365,user154@yahoo.com,PROD-524,1.0,48.37338909125456,SHIPPED
2024-03-14,Customer 5531,user989@yahoo.com,PROD-846,1.0,19.486715864734844,delivered
2025-02-04,CUST-6510,user504@gmail.com,PROD-467,1.0,$131.67,delivered
2024-09-09,CUST-9754,user824gmail.com,PROD-649,5.0,$184.02,Shipped
2024-08-17,CUST-9964,user168@yahoo.com,PROD-919,9.0,109.75213533623216,SHIPPED
2024-01-07,C7511,user777outlook.com,PROD-687,4.0,$42.76,in transit
2024-06-22,Customer 8504,user583yahoo.com,PROD-675,7.0,106.38943969231765,shipped
2024-05-20,CUS-3376,user945@gmail.com,PROD-368,3.0,72.16938958221112,in transit
2024-06-16,C2827,user719@yahoo.com,PROD-872,6.0,140.12798216584878,pending
2024-06-18,Customer 9569,user318@company.com,PROD-870,7.0,$149.48,Pending
2025-01-27,C3196,user471@hotmail.com,PROD-476,7.0,11.060604373671536,SHIPPED
2024-10-09,Customer 9843,user888@yahoo.com,PROD-539,1.0,79,DELIVERED
2024-05-01,CUST-6607,user964@gmail.com,PROD-588,9.0,-71.09177020256931,pending
2024-07-12,C1780,user651@outlook.com,PROD-128,5.0,167.5785644771806,Shipped
2024-01-05,7303,user535@hotmail.com,PROD-711,4.0,137.4766448412085,In Transit
2024-01-29,Customer 9714,user297@outlook.com,PROD-155,2.0,79.02597435832044,Pending
2024-06-13,C8569,user608@yahoo.com,PROD-166,9.0,92.32756784139744,In-Transit
2025-02-25,CUS-6784,user653@yahoo.cm,PROD-934,6.0,68.7556821073757,DELIVERED
2024-12-04,CUST-5941,user357@hotmail.com,PROD-705,6.0,126.46745872975328,SHIPPED
2024-05-15,Customer 8128,user857@outlook.com,PROD-665,6.0,47.68701915884176,SHIPPED
2024-12-30,C3461,user487@gmail.com,PROD-944,6.0,37,in transit
2024-11-16,Customer 1685,user295@outlook.com,PROD-709,7.0,13.47067509467331,Delivered
2024-12-07,CUS-8031,user822@hotmail.com,PROD-328,9.0,91.7124719854612,in transit
2024-05-24,6341, user378@gmail.com ,PROD-867,2.0,40.85744062899828,pending
2024-11-22,CUS-5875,user364@hotmail.com,PROD-985,4.0,152.48818210692366,delivered
2024-08-04,CUS-8697,user310@company.com,PROD-300,8.0,56.38884990571027,in transit
2024-10-27,8165, user740@yahoo.com ,PROD-579,6.0,155.35302913163707,Delivered
2024-05-11,1301,user202@hotmail.com,PROD-856,8.0,30.659455688066558,In-Transit
2024-10-18,Customer 9789,user831@yahoo.com,PROD-270,9.0,29.10127475335854,Pending
2024-03-10,CUST-8003,user683@yahoo.com,PROD-158,1.0,43.92550277149403,shipped
2024-09-08,4537,user610@gmail.com,PROD-879,2.0,88.67072560355923,SHIPPED
2025-02-18,C5558,user646@yahoo.com,PROD-194,5.0,172.35383532970508,pending
2024-10-01,Customer 9474,user567@gmail.com,PROD-990,4.0,160.6924557988679,pending
2024-12-29,C5082,user258@hotmail.com,PROD-570,4.0,24.819410395979478,In Transit
2024-06-30,Customer 9652, user316@gmail.com ,PROD-680,3.0,50.50069717542745,in transit
2024-06-15,CUST-2724, user717@company.com ,PROD-641,5.0,109.35207273796317,DELIVERED
2024-03-31,CUS-9706,user479@hotmail.com,PROD-188,7.0,159.38640816635032,In-Transit
2024-07-20,CUST-1022,user207@yahoo.cm,PROD-312,5.0,100.9032633800915,Shipped
2024-12-11,6926,user351@outlook.com,PROD-392,1.0,137.3665492931092,SHIPPED
2024-01-19,Customer 8295,user585@company.com,PROD-176,6.0,117.46011663065644,Delivered
2024-02-08,7279,user177@yahoo.com,PROD-146,5.0,171.68701832165428,delivered
2024-05-05,C8353,user953@yahoo.com,PROD-526,3.0,36.533461375461414,Delivered
2024-06-21,CUS-6995,user756@company.com,PROD-519,2.0,110,in transit
2024-05-20,1514,user628@hotmail.com,PROD-514,3.0,115.78650506766945,Pending
2024-08-29,CUS-7019,user830@company.com,PROD-360,9.0,115.16617082907949,delivered
2024-08-07,CUST-6343,user582@outlook.com,PROD-587,3.0,66.24797721354051,DELIVERED
2024-05-05,C9033,user902@hotmail.com,PROD-554,1.0,192,Delivered
2024-02-27,CUST-3520,user240@outlook.com,PROD-114,599.0,$152.70,pending
2024-05-27,C2428,user948@gmail.com,PROD-960,8.0,116.70771934891593,DELIVERED
2024-11-12,CUST-3159,user447@outlook.com,PROD-949,4.0,90.80357322868602,Shipped
2025-01-17,3547,user934@outlook.com,PROD-596,5.0,73.33545427623037,DELIVERED
2024-12-26,Customer 3649,user714@company.com,PROD-907,5.0,37.8498548552405,SHIPPED
2025-02-26,C4083,user219@yahoo.com,PROD-429,6.0,160.24592479476968,In-Transit
2024-01-01,CUS-2037,user272@outlook.com,PROD-246,7.0,119.09343672225584,delivered
2025-01-21,CUS-4489,user938@company.com,PROD-910,8.0,56.337187123941085,SHIPPED
2024-12-13,8544,user811@outlook.com,PROD-846,2.0,188.96249263694594,In Transit
2024-07-08,Customer 3634,user546@hotmail.com,PROD-189,1.0,184.43115436450668,Delivered
2024-07-09,CUST-8902,user810@gmail.com,PROD-580,6.0,12.242505709946347,Delivered
2025-01-03,CUST-2124,user849@yahoo.com,PROD-772,2.0,177,In Transit
2025-02-12,C3179,user468@company.com,PROD-689,3.0,64,DELIVERED
2024-11-07,6251,user725company.com,PROD-881,2.0,110.72677535508993,SHIPPED
2025-02-20,Customer 2929,user265@company.com,PROD-586,1.0,139.50837318822397,delivered
2025-02-25,CUST-8321,user690@yahoo.com,PROD-786,4.0,142.1358428429504,delivered
2024-04-26,8909,user115@outlook.com,,2.0,15.941139192210358,In Transit
2024-05-13,3023,user563@outlook.com,PROD-706,4.0,32.897254206180065,Delivered
2024-02-27,6891,user759@cmpany.cm,PROD-152,7.0,111,In Transit
2024-02-13,Customer 2080,user227@yahoo.com,PROD-602,6.0,44.30916347069971,Shipped
2024-06-21,3563,user837@company.com,PROD-921,2.0,117.8646328414052,Shipped
2024-06-08,4586,user675@company.com,PROD-962,9.0,31.574450200056127,Shipped
2024-06-21,5431,user993@outlook.com,PROD-126,4.0,146,shipped
2024-11-12,C7643,user969@yahoo.com,PROD-464,3.0,65,In-Transit
2024-10-29,Customer 4959,user201@yahoo.com,PROD-405,1.0,$94.29,Pending
2024-05-28,C1593,user804@outlook.com,PROD-356,9.0,77.54171939377761,pending
2024-03-20,CUST-4390,user142hotmail.com,,9.0,157.88991619178375,in transit
2025-01-08,CUST-1663,user150@yahoo.com,PROD-549,3.0,184,pending
2024-07-31,1541,user680@gmail.com,PROD-147,4.0,198.05986257155809,shipped
2024-07-21,C6093,user109@yahoo.com,PROD-820,7.0,160.02700792829552,delivered
2024-09-08,1867,user937@gmail.com,PROD-206,2.0,176.5882754998107,DELIVERED
2024-08-16,CUST-9623,user445@hotmail.com,PROD-185,5.0,149.6749492747515,Delivered
2024-06-12,6469,user755gmail.com,PROD-555,6.0,16.859005502844944,DELIVERED
2024-08-14,CUS-2169,user358@hotmail.com,PROD-997,8.0,62.45591909760683,In Transit
2024-05-26,Customer 2136,user846@company.com,PROD-937,1.0,151.82987961057987,Delivered
2024-01-20,CUST-9667,user929@outlook.com,PROD-701,2.0,92.1791103506366,in transit
2025-02-05,CUST-2019,user708@company.com,PROD-639,2.0,139.14070599271045,in transit
2024-02-16,2283,user952@hotmail.com,PROD-123,1.0,71.40661024129962,SHIPPED
2024-08-20,Customer 3010,user704@gmail.com,PROD-584,5.0,147.99783336567572,DELIVERED
2024-10-31,Customer 9266,user691@hotmail.com,PROD-322,4.0,195.40189507528189,Pending
2024-01-14,CUS-4471, user506@gmail.com ,PROD-899,5.0,43.209464969958916,in transit
2024-05-22,6624,user511@company.com,PROD-549,1.0,38.59275452026185,In-Transit
2025-02-18,Customer 9329,user315company.com,PROD-591,4.0,36.65132724308303,SHIPPED
2024-01-01,C6068,user916@outlook.com,,2.0,56.747885858134374,Pending
2025-01-07,CUST-7397,user653@yahoo.com,PROD-519,7.0,39.24771815271679,Delivered
2024-02-23,3757,user636@gmail.com,PROD-748,6.0,156.8882341579831,DELIVERED
2025-01-08,CUS-9186,user764@company.com,PROD-354,2.0,61.05191960505598,DELIVERED
2024-09-15,3610,user677@yahoo.com,PROD-516,3.0,29.095821330879396,Pending
2024-05-23,2449,user904@hotmail.com,PROD-273,5.0,141.60439671725382,Pending
2024-01-12,CUST-6017, user308@outlook.com ,PROD-544,3.0,172.68703680245758,in transit
2024-11-25,CUST-8999,user577@gmail.com,PROD-437,5.0,78.05591350702696,Delivered
2024-08-11,3096,user591@company.com,PROD-626,6.0,62.122664297442576,SHIPPED
2024-09-28,9895,user646@hotmail.com,PROD-368,6.0,163.8516825810153,In-Transit
2024-12-23,4331,user342@gmail.com,PROD-287,8.0,195.69389920956576,delivered
2025-02-11,C3978,user679@outlook.cm,PROD-810,2.0,166.58855319682834,delivered
2024-06-04,CUS-3839,user581@gmail.com,PROD-387,2.0,-168.75308108546878,shipped
2025-01-07,CUS-1685,user358@hotmail.com,PROD-598,7.0,16,In-Transit
2024-01-08,Customer 8531,user690@yahoo.com,PROD-402,5.0,101.05245525583877,Delivered
2024-05-01,Customer 8736,user597@company.com,PROD-537,8.0,134.40414700576795,Delivered
2024-12-13,Customer 7868,user155@outlook.com,PROD-932,9.0,141.53387133284744,SHIPPED
2024-06-12,Customer 5713,user828@yahoo.com,PROD-616,8.0,42.43240390202007,DELIVERED
2024-03-30,Customer 5998,user827@outlook.com,PROD-602,2.0,171,shipped
2024-05-15,CUST-2974,user167@hotmail.com,PROD-200,9.0,60.00206654475559,pending
2024-07-04,Customer 9461,user633@yahoo.com,PROD-774,2.0,163.62552606279675,SHIPPED
2024-11-11,C3014,user138company.com,PROD-237,4.0,74.74518608530325,pending
2024-06-26,C8896,user696@gmail.com,PROD-939,8.0,106.98786774384321,shipped
2024-01-28,1581, user660@company.com ,PROD-783,8.0,185.65834174047941,pending
2024-08-07,Customer 6347,user158@gmail.com,,7.0,25.744328935430968,DELIVERED
2024-12-22,CUST-3643,user613@outlook.com,PROD-785,1.0,60.155148182413654,In Transit
2024-02-10,C3297,user487@hotmail.com,PROD-401,5.0,154.09069788443296,shipped
2024-08-15,CUST-6560,user488@gmail.com,PROD-352,6.0,$112.02,SHIPPED
2024-07-10,1689,user168@company.com,PROD-990,8.0,121.76963064337964,In Transit
2025-02-14,CUS-1671, user757@gmail.com ,PROD-543,5.0,147.90208602429507,Pending
2024-05-24,CUST-2171,user213@gmail.cm,PROD-333,3.0,129.07762506878376,In-Transit
2024-07-19,2449,user960@hotmail.com,PROD-407,5.0,76.73289076571692,in transit
2025-02-20,C3539,user819@outlook.com,PROD-895,3.0,73.83690285724371,SHIPPED
2024-07-30,CUS-5260,user419@company.com,PROD-538,6.0,197.422542906641,Pending
2024-08-07,C7164,user211@gmail.com,PROD-865,4.0,$85.41,delivered
2024-08-27,C4670,user964@hotmail.com,PROD-123,3.0,70.12633928625506,delivered
2025-02-16,C9100,user473@company.com,PROD-845,2.0,$77.70,Delivered
2025-01-31,CUS-2938,user737@outlook.com,PROD-943,7.0,68.20821679724985,SHIPPED
2024-02-15,CUST-6976,user796@company.com,PROD-770,5.0,51,Shipped
2024-02-04,7588,user529@hotmail.com,PROD-897,3.0,51,in transit
2024-09-09,CUS-7304,user410gmail.com,PROD-254,3.0,102.39652187080411,Shipped
2025-01-24,C8875,user857@gmail.com,,1.0,154.68289413446072,In-Transit
2024-03-22,C1597,user451@yahoo.com,PROD-982,2.0,-175.44819804421653,pending
2025-01-05,CUS-1572,user429@outlook.com,PROD-324,6.0,118.36147806627649,Delivered
2024-09-12,C7171,user866@outlook.com,PROD-130,7.0,124.59587644685855,in transit
2024-07-15,C3090,user664@outlook.com,PROD-991,1.0,92.26093672137121,In Transit
2024-10-29,CUS-7566,user583@yahoo.com,PROD-544,5.0,149,shipped
2025-02-12,CUS-5624,user199hotmail.com,PROD-290,1.0,74.29811273594778,in transit
2024-01-10,C2517,user377@company.com,PROD-837,5.0,130.19658822549593,DELIVERED
2024-11-07,C4648,user991@yahoo.com,PROD-973,5.0,69.94892855419526,In Transit
2024-10-12,C2537,user380@outlook.com,PROD-961,3.0,$180.33,shipped
2024-08-29,CUS-4137,user826outlook.com,PROD-366,5.0,$190.06,In-Transit
2024-09-07,C1097,user125@outlook.cm,PROD-220,4.0,88.72022550224592,delivered
2024-12-30,CUST-4750,user266@hotmail.com,PROD-531,9.0,57.18706499690242,shipped
2024-01-05,Customer 9535,user466@yahoo.com,PROD-213,1.0,197.41104376727066,DELIVERED
2024-04-28,Customer 5666,user984@company.com,PROD-601,1.0,36.14140962785921,Delivered
2024-10-15,C1610,user511@gmail.com,PROD-802,3.0,124.22485101219196,shipped
2025-01-08,CUST-2854,user216@yahoo.com,PROD-998,3.0,77.03679118310252,pending
2024-03-05,CUS-6055,user852@yahoo.com,PROD-673,6.0,$162.40,in transit
2024-05-25,6774,user315@yahoo.com,PROD-481,8.0,117.31056942125879,in transit
2024-08-11,2749,user858@company.com,PROD-417,7.0,$166.51,Delivered
2024-08-26,Customer 1781,user637@hotmail.com,PROD-624,7.0,133.93578704079627,in transit
2024-06-25,CUST-8548,user554@yahoo.com,PROD-997,4.0,69.490617143814,pending
2024-09-23,CUS-7823,user794@outlook.com,PROD-816,4.0,177.67436974822616,In-Transit
2024-12-06,C4867,user325@outlook.com,PROD-406,3.0,$43.66,DELIVERED
2024-10-08,C5976,user731@outlook.com,PROD-757,2.0,36.776074028121684,SHIPPED
2024-03-03,C6879,user422@yahoo.com,PROD-775,3.0,53.25481457812743,SHIPPED
2024-08-04,CUST-8264,user750@gmail.com,PROD-397,340.0,93.07624326170911,delivered
2024-12-07,C3274,user674@company.com,PROD-370,3.0,138.0048843569172,Pending
2024-11-10,Customer 7744,user272@outlook.com,PROD-566,2.0,118.56334378158331,In-Transit
2024-10-09,CUST-6546, user128@outlook.com ,PROD-805,3.0,97,Pending
2024-06-25,CUST-7852,user450@yahoo.com,PROD-794,4.0,44.83909608339752,SHIPPED
2025-02-20,CUST-3551, user771@outlook.com ,PROD-972,1.0,185.02714818226198,shipped
2024-04-07,Customer 1007,user265@outlook.com,PROD-602,1.0,20.504979724586043,shipped
2024-04-14,Customer 1475,user867gmail.com,PROD-691,4.0,115.43531362198414,shipped
2024-04-08,CUS-9676,user536@outlook.com,,6.0,136.7142106141592,in transit
2025-01-19,8239,user248@gmail.com,PROD-796,1.0,29.446117032950802,in transit
2025-02-08,CUS-5654,user655@hotmail.com,PROD-899,8.0,160.28567663223274,Shipped
2024-11-06,C7971,user605@hotmail.com,PROD-981,2.0,$87.14,shipped
2024-01-06,Customer 4525,user401@cmpany.cm,PROD-738,1.0,180,shipped
2024-07-15,Customer 3822,user827@gmail.com,PROD-725,8.0,129.35549246707416,In Transit
2024-12-16,CUST-1258, user130@outlook.com ,PROD-590,2.0,115.60550831533598,Delivered
2024-05-12,CUST-2898,user716@outlook.com,PROD-395,5.0,44.059426836713094,SHIPPED
2024-12-23,CUS-4200,user488@hotmail.com,PROD-805,7.0,$110.67,in transit
2024-09-15,1687,user137@hotmail.com,PROD-320,2.0,103.86533645878285,pending
2024-01-23,CUST-9804,user553@gmail.com,PROD-535,8.0,143.13811251397502,DELIVERED
2024-02-22,Customer 8133,user112@outlook.com,PROD-343,8.0,86.84865688261883,in transit
2024-06-13,CUST-3591,user431@cmpany.cm,PROD-125,6.0,114.67795645428242,DELIVERED
2024-07-20,CUS-8183,user486@hotmail.com,PROD-116,4.0,88.01848717371305,Shipped
2024-03-23,CUS-9766,user857@gmail.com,PROD-582,3.0,97.25577662411719,DELIVERED
2024-05-24,6108,user597@hotmail.com,PROD-601,5.0,180.1485810257845,in transit
2024-03-25,1669,user355@hotmail.com,PROD-306,2.0,159,delivered
2024-03-18,8329,user688@hotmail.com,PROD-978,5.0,147.98442816344286,in transit
2024-12-31,Customer 1923,user930@company.com,PROD-929,3.0,69.31455887913576,In-Transit
2024-01-01,C9438,user404@yahoo.com,PROD-858,8.0,145.77860547582998,delivered
2024-02-20,CUST-9004,user627@outlook.com,PROD-272,9.0,48.93618920882565,shipped
2024-06-21,CUS-7274,user881@gmail.com,PROD-383,6.0,181.52713222809612,SHIPPED
2024-07-23,CUS-4864,user285@company.com,PROD-969,9.0,83.7152474848877,pending
2024-09-16,Customer 8833,user688@yahoo.com,PROD-632,5.0,84.83726594278694,DELIVERED
2025-01-03,1226,user629@gmail.com,PROD-708,2.0,11.521074890151683,in transit
2024-10-14,1264,user830@outlook.com,PROD-154,3.0,96,in transit
2024-02-03,Customer 1645,user941@yahoo.com,PROD-226,3.0,58,DELIVERED
2024-12-13,CUST-8544,user544@company.com,PROD-342,1.0,143.95518635492044,Pending
2024-04-04,CUST-6569,user838@yahoo.com,PROD-947,9.0,$123.01,SHIPPED
2024-03-12,Customer 3504,user120@yahoo.com,PROD-826,9.0,149.4253165704399,In Transit
2024-02-08,1587,user233@outlook.com,PROD-563,492.0,94.65793149898711,Delivered
2024-06-02,Customer 5079,user928@outlook.com,PROD-137,9.0,98.46006509623602,shipped
2024-09-06,7299,user200@company.com,PROD-626,8.0,105.67053770874746,delivered
2024-06-10,C9381,user605@yahoo.com,PROD-100,6.0,$46.49,in transit
2024-04-27,CUS-2715,user835@gmail.com,PROD-812,7.0,196.67719811123118,Shipped
2024-09-15,C7450,user123@company.com,PROD-954,2.0,50.89182692503757,SHIPPED
2025-01-13,C6433,user727@yahoo.com,PROD-448,2.0,189.45647035075808,DELIVERED
2024-11-01,CUST-8096,user326@hotmail.com,PROD-580,8.0,175.59033779835173,in transit
2024-09-24,CUS-7980,user959@outlook.com,PROD-450,2.0,164.8147328434348,delivered
2024-02-23,Customer 2674,user199@outlook.com,PROD-986,7.0,106.06649118603185,Shipped
2024-08-23,CUST-9915,user562@cmpany.cm,PROD-135,4.0,136.6888933446457,Delivered
2025-01-23,7049,user370@hotmail.com,PROD-981,9.0,47.749966135329785,Delivered
2024-08-09,C5578,user701@outlook.com,PROD-722,9.0,49.246295329385404,delivered
2024-09-07,Customer 2958,user512@outlook.com,PROD-567,4.0,$193.58,SHIPPED
2024-11-08,CUS-6779,user217@yahoo.com,PROD-808,5.0,189.76753003120604,Shipped
2025-02-04,Customer 7144,user559@outlook.com,PROD-987,1.0,143,pending
2024-04-21,CUST-7659,user394@gmail.com,PROD-772,9.0,70.35880385735156,DELIVERED
2024-09-11,C7040,user185@company.com,PROD-226,2.0,194.15598578932523,Shipped
2024-10-29,7370,user240@company.com,PROD-544,9.0,84,pending
2025-02-10,CUS-1948,user470@outlook.com,PROD-563,6.0,60.91170690019247,In-Transit
2024-07-25,Customer 7115,user342@gmail.com,PROD-339,9.0,178.4483035031144,DELIVERED
2024-08-16,Customer 8568,user313@outlook.com,PROD-204,3.0,180.96968019022574,shipped
2024-12-06,CUS-2787,user498@company.com,PROD-596,9.0,$148.38,In Transit
2025-02-01,8374,user527gmail.com,PROD-784,4.0,36,shipped
2024-03-06,C2138,user425@outlook.com,PROD-593,9.0,85.4070897017151,In Transit
2024-03-15,CUS-5741, user987@yahoo.com ,PROD-502,3.0,101.93166367414987,shipped
2024-04-12,CUST-7362,user313@gmail.com,PROD-775,4.0,58.06801910578029,Shipped
2025-02-25,CUST-4674,user479@company.com,PROD-765,156.0,126.32039345867648,pending
2024-07-10,C7701,user704@yahoo.com,PROD-649,2.0,122.55420522772448,SHIPPED
2024-09-08,Customer 5596,user379@yahoo.com,PROD-354,5.0,131.2576872254279,delivered
2024-08-13,CUST-6661,user199@company.com,PROD-194,9.0,194.63664068908716,in transit
2024-10-20,CUST-9787,user162@yahoo.com,PROD-577,4.0,40.32214488488477,In Transit
2024-11-01,CUS-9472,user191hotmail.com,PROD-289,5.0,194.7807761847531,in transit
2024-04-07,C2750,user152@yahoo.com,PROD-832,3.0,139,In-Transit
2024-12-03,CUS-5178,user508hotmail.com,PROD-522,3.0,131.5257769688428,In-Transit
2024-10-12,CUST-3946,user975@yahoo.com,PROD-704,9.0,47.79044483767821,in transit
2024-11-30,C6394,user971@outlook.com,PROD-154,2.0,56.891292006667754,pending
2024-12-12,CUS-6075,user389@yahoo.com,PROD-769,7.0,151.76619183028782,In-Transit
2024-11-03,8230,user140@company.com,PROD-310,5.0,167.0356013893586,DELIVERED
2024-09-05,CUS-2531,user502outlook.com,PROD-833,5.0,31.694337610014806,in transit
2024-06-14,CUST-3990,user290@hotmail.com,PROD-769,1.0,175.9947433245723,In-Transit
2024-11-30,Customer 5493,user817@gmail.com,,9.0,19.17439179383766,In Transit
2024-01-30,3723,user968@gmail.com,PROD-874,3.0,14.161165356633937,SHIPPED
2024-09-03,CUS-1285,user873@outlook.com,PROD-988,4.0,119.67921030198791,In-Transit
2024-04-15,CUS-7816,user357@gmail.com,PROD-396,1.0,138.05435985431023,pending
2024-02-20,Customer 2762,user335@company.com,PROD-562,9.0,82.44402561388192,pending
2024-03-21,CUS-1040,user226@company.com,PROD-296,3.0,104.85047818326257,in transit
2024-05-12,Customer 9259,user388@company.com,PROD-190,831.0,175.86325088880557,In Transit
2024-10-11,Customer 8804,user236@outlook.com,PROD-643,6.0,115.81019953936995,in transit
2025-01-22,CUS-4198,user853@gmail.com,PROD-493,7.0,172,Delivered
2024-05-17,3479, user401@outlook.com ,PROD-960,6.0,49.999778585545485,Shipped
2024-07-02,Customer 6154,user774@gmail.com,PROD-537,2.0,23.72209230782797,Shipped
2025-02-04,CUST-2492,user447@yahoo.com,PROD-194,7.0,180.99561840159637,pending
2024-11-25,2348,user786@hotmail.com,PROD-569,5.0,$34.41,Shipped
2024-09-29,Customer 8851,user212@company.com,PROD-878,9.0,178,shipped
2024-12-05,CUS-8156,user873@outlook.com,PROD-293,7.0,111.49720035533682,DELIVERED
2024-03-09,8368,user401@yahoo.com,PROD-435,753.0,10.111497563501631,in transit
2024-02-03,5577,user788@gmail.com,PROD-954,7.0,95.20986549767166,DELIVERED
2024-09-18,CUS-8468,user152@yahoo.com,PROD-311,8.0,99.7865096404865,in transit
2024-02-22,Customer 7581,user217@hotmail.com,PROD-565,2.0,$83.93,Delivered
2024-07-23,Customer 7317,user279@outlook.com,PROD-320,6.0,174.37214004721915,In-Transit
2024-05-05,CUS-7748,user576@outlook.com,PROD-348,2.0,60.53986526347552,shipped
2024-08-22,8986,user202hotmail.com,PROD-915,7.0,-188.00809935620794,SHIPPED
2024-02-12,Customer 4740,user666@yahoo.com,PROD-613,1.0,69.17413069824437,in transit
2024-08-27,CUST-2846,user453@company.com,PROD-741,1.0,182.10513019889464,In Transit
2025-01-05,Customer 1771,user527@gmail.com,PROD-871,6.0,173.77354141202665,pending
2024-04-20,Customer 9770,user754@gmail.com,PROD-839,5.0,89.15692948481804,In-Transit
2024-09-05,Customer 1193,user835@outlook.com,PROD-227,3.0,28.92570657553371,delivered
2024-05-30,C3394,user840@yahoo.com,PROD-642,4.0,49.18544486374907,delivered
2024-07-01,CUS-5005,user956@outlook.com,PROD-591,7.0,88.99511839309297,SHIPPED
2024-12-01,CUS-7716,user678@company.com,PROD-813,8.0,114.39932202932414,In Transit
2024-04-04,Customer 9921,user491@gmail.com,PROD-515,2.0,79.1800576549377,Shipped
2025-01-08,CUST-8815,user303@outlook.com,PROD-128,9.0,71.88003426558221,shipped
2025-02-03,CUST-4451,user980@outlook.com,PROD-982,9.0,70,DELIVERED
2024-01-08,C8616, user307@outlook.com ,PROD-968,4.0,28.19301759950823,Pending
2025-01-22,CUS-3800,user649@company.com,,3.0,188.15286057687746,Pending
2024-12-25,CUST-9333,user543@hotmail.com,PROD-170,9.0,$173.56,shipped
2025-01-22,CUST-2455,user787@hotmail.com,PROD-975,3.0,144.50323729929536,In-Transit
2024-07-02,6808,user617@yahoo.com,PROD-589,6.0,58.77017718023422,Delivered
2024-10-07,5796,user281@gmail.com,PROD-572,4.0,30.387255182758935,In-Transit
2024-07-13,CUS-2325,user195@yahoo.com,PROD-593,7.0,50.970399642875435,delivered
2024-12-17,CUS-2159,user732@hotmail.com,PROD-955,6.0,91.23523261398566,DELIVERED
2024-07-13,CUST-5987,user890@gmail.com,PROD-621,9.0,153.7447894697704,delivered
2024-06-03,CUS-5697,user889@outlook.com,PROD-362,6.0,198.79094658443714,in transit
2024-04-02,4828,user261@outlook.com,PROD-291,2.0,59.86683177339381,delivered
2024-06-08,CUS-1703,user133@yahoo.com,PROD-125,5.0,$-171.60,Pending
2024-03-01,C6482,user657@gmail.com,PROD-607,1.0,123.36762409191404,Pending
2024-05-01,CUS-2800,user212@hotmail.com,PROD-328,3.0,92.07969522576902,DELIVERED
2024-02-20,5912,user966@hotmail.com,PROD-134,2.0,98.25138108503845,delivered
2025-02-06,CUS-1855,user929@outlook.com,PROD-687,9.0,165.3084154570826,shipped
2024-10-03,3866,user366@outlook.com,PROD-860,4.0,170.05502325346453,shipped
2024-01-05,CUST-1182,user756@hotmail.com,PROD-668,1.0,50.243191544176014,SHIPPED
2024-04-01,CUS-6670,user598@outlook.com,PROD-111,2.0,$45.58,Delivered
2024-06-18,6823,user791@outlook.com,PROD-703,866.0,165.18580502813504,DELIVERED
2024-11-12,CUST-2517,user237@gmail.com,PROD-937,9.0,91.96454853852197,delivered
2024-01-22,CUST-6002,user410@gmail.com,PROD-232,7.0,51.98667722078413,DELIVERED
2025-02-08,4629,user426@gmail.cm,PROD-575,1.0,81.83685409531817,In-Transit
2024-11-21,9210,user134@hotmail.com,PROD-423,8.0,33.742601122003855,Shipped
2024-01-01,Customer 7132,user328@gmail.com,PROD-737,8.0,160.23341896808844,In Transit
2024-02-07,CUST-3896,user316yahoo.com,PROD-880,6.0,61.79863995495148,Pending
2024-05-30,C8878,user882@company.com,PROD-329,2.0,149.53899331631135,In Transit
2024-11-18,C4041,user842@outlook.com,PROD-182,3.0,33.12561174391743,in transit
2024-09-14,Customer 3349,user994@gmail.com,PROD-356,1.0,43.358708452479256,Pending
2024-02-22,Customer 7581,user217@hotmail.com,PROD-565,2.0,$83.93,Delivered
2024-10-10,C7852,user444@outlook.com,PROD-882,4.0,179.99235198540165,delivered
2024-07-14,Customer 3740,user821@hotmail.com,PROD-981,5.0,130,SHIPPED
2025-02-07,6233,user830@company.com,PROD-742,4.0,184.5815252256808,In Transit
2025-01-18,CUST-6699,user382@outlook.com,PROD-632,1.0,173.73488346772243,In Transit
2024-02-27,CUST-3520,user240@outlook.com,PROD-114,599.0,$152.70,pending
